type,number,sequence,counts
neg,10,CTCACCGTTACTGTCACTGCAGCAACCCTACTT,99
neg,10,CTTACAGTCACAGTTACCGCCGCCACCCTACTC,47
neg,10,CTAACCGTAACTGTGACGGCTGCAACGCTTCTG,26
neg,10,CTTACCGTTACTGTGACTGCGGCGACACTCCTT,20
neg,10,CTTACAGTTACCGTTACAGCAGCCACACTCCTG,9
neg,10,CTCACTGTTACCGTCACTGCAGCTACCCTGCTC,6
neg,10,CTGACAGTTACCGTTACAGCAGCCACGCTTCTG,4
neg,10,CTCACCGTTACCGTTACAGCAGCCACTCTACTC,4
neg,10,CTGACTGTTACTGTCACGGCTGCCACTCTCCTT,2
neg,10,CTGACTGTTACAGTAACTGCTGCTACACTACTG,2
neg,10,CTGACCGTAACGGTCACCGCGGCAACTCTACTG,2
neg,10,CTCACCGTTACTGTCACCGCAGCAACCCTACTT,1
neg,11,CTCACCGTTACTGTCACTGCAGCAACCCTACTT,44
neg,11,CTAACCGTAACTGTGACGGCTGCAACGCTTCTG,16
neg,11,CTCACTGTTACCGTCACTGCAGCTACCCTGCTC,9
neg,11,CTGACTGTTACAGTAACTGCTGCTACACTACTG,7
neg,11,CTTACAGTTACCGTTACAGCAGCCACACTCCTG,7
neg,11,CTTACCGTTACTGTGACTGCGGCGACACTCCTT,6
neg,11,CTCACCGTTACCGTTACAGCAGCCACTCTACTC,3
neg,11,CTGACTGTTACTGTCACGGCTGCCACTCTCCTT,3
neg,11,CTGACAGTTACCGTTACAGCAGCCACGCTTCTG,2
neg,11,CTGACCGTAACGGTCACCGCGGCAACTCTACTG,2
neg,11,CTTACAGTCACAGTTACCGCCGCCACCCTACTC,1
neg,12,CTCACCGTTACTGTCACTGCAGCAACCCTACTT,24
neg,12,CTTACCGTTACTGTGACTGCGGCGACACTCCTT,8
neg,12,CTCACCGTTACCGTTACAGCAGCCACTCTACTC,5
neg,12,CTGACAGTTACCGTTACAGCAGCCACGCTTCTG,5
neg,12,CTGACTGTTACAGTAACTGCTGCTACACTACTG,4
neg,12,CTTACAGTTACCGTTACAGCAGCCACACTCCTG,3
neg,12,CTAACCGTAACTGTGACGGCTGCAACGCTTCTG,2
neg,12,CTCACCGTTACTGTGACGGCTGCAACGCTTCTG,1
neg,12,CTCACAGTTACTGTCACTGCAGCAACCCTACTT,1
neg,13,CTCACTGTTACCGTCACTGCAGCTACCCTGCTC,11
neg,13,CTGACTGTTACAGTAACTGCTGCTACACTACTG,10
neg,13,CTCACCGTTACTGTCACTGCAGCAACCCTACTT,7
neg,13,CTAACCGTAACTGTGACGGCTGCAACGCTTCTG,7
neg,13,CTGACAGTTACCGTTACAGCAGCCACGCTTCTG,4
neg,13,CTGACTGTTACTGTCACGGCTGCCACTCTCCTT,3
neg,13,CTGACCGTAACGGTCACCGCGGCAACTCTACTG,2
neg,13,CTCACCGTTACCGTTACAGCAGCCACTCTACTC,2
neg,13,CTTACAGTTACCGTTACAGCAGCCACACTCCTG,2
neg,14,CTCACCGTTACTGTCACTGCAGCAACCCTACTT,21
neg,14,CTCACCGTTACCGTTACAGCAGCCACTCTACTC,5
neg,14,CTCACTGTTACCGTCACTGCAGCTACCCTGCTC,5
neg,14,CTAACCGTAACTGTGACGGCTGCAACGCTTCTG,4
neg,14,CTGACTGTTACTGTCACGGCTGCCACTCTCCTT,3
neg,14,CTTACCGTTACTGTGACTGCGGCGACACTCCTT,3
neg,14,CTGACCGTAACGGTCACCGCGGCAACTCTACTG,3
neg,14,CTGACTGTTACAGTAACTGCTGCTACACTACTG,2
neg,14,CTCACCGTTACCGTCACTGCAGCAACCCTACTC,1
neg,14,CTGACAGTTACCGTTACAGCAGCCACGCTTCTG,1
neg,14,CTTACAGTTACCGTTACAGCAGCCACACTCCTG,1
neg,15,CTCACCGTTACTGTCACTGCAGCAACCCTACTT,22
neg,15,CTTACCGTTACTGTGACTGCGGCGACACTCCTT,8
neg,15,CTAACCGTAACTGTGACGGCTGCAACGCTTCTG,7
neg,15,CTTACAGTTACCGTTACAGCAGCCACACTCCTG,4
neg,15,CTCACTGTTACCGTCACTGCAGCTACCCTGCTC,2
neg,15,CTGACTGTTACAGTAACTGCTGCTACACTACTG,2
neg,15,CTGACAGTTACCGTTACAGCAGCCACGCTTCTG,2
neg,15,CTTACAGTCACAGTTACCGCCGCCACCCTACTC,2
neg,15,CTGACCGTAACGGTCACCGCGGCAACTCTACTG,2
neg,15,CTCACCGTTACCGTTACAGCAGCCACTCTACTC,1
neg,15,CTGACTGTTACTGTCACGGCTGCCACTCTCCTT,1
neg,16,CTGACTGTTACAGTAACTGCTGCTACACTACTG,17
neg,16,CTCACCGTTACTGTCACTGCAGCAACCCTACTT,12
neg,16,CTGACAGTTACCGTTACAGCAGCCACGCTTCTG,8
neg,16,CTCACCGTTACCGTTACAGCAGCCACTCTACTC,4
neg,16,CTTACAGTTACCGTTACAGCAGCCACACTCCTG,3
neg,16,CTGACTGTTACTGTCACGGCTGCCACTCTCCTT,3
neg,16,CTTACCGTTACTGTGACTGCGGCGACACTCCTT,3
neg,16,CTAACCGTAACTGTGACGGCTGCAACGCTTCTG,2
neg,16,CTCACTGTTACCGTCACTGCAGCTACCCTGCTC,1
neg,17,CTCACCGTTACTGTCACTGCAGCAACCCTACTT,41
neg,17,CTTACAGTTACCGTTACAGCAGCCACACTCCTG,5
neg,17,CTAACCGTAACTGTGACGGCTGCAACGCTTCTG,5
neg,17,CTCACTGTTACCGTCACTGCAGCTACCCTGCTC,4
neg,17,CTGACTGTTACAGTAACTGCTGCTACACTACTG,2
neg,17,CTGACAGTTACCGTTACAGCAGCCACGCTTCTG,2
neg,17,CTGACTGTTACTGTCACGGCTGCCACTCTCCTT,1
neg,18,CTCACCGTTACTGTCACTGCAGCAACCCTACTT,27
neg,18,CTTACCGTTACTGTGACTGCGGCGACACTCCTT,15
neg,18,CTGACTGTTACAGTAACTGCTGCTACACTACTG,11
neg,18,CTAACCGTAACTGTGACGGCTGCAACGCTTCTG,6
neg,18,CTGACAGTTACCGTTACAGCAGCCACGCTTCTG,3
neg,18,CTCACCGTTACCGTTACAGCAGCCACTCTACTC,2
neg,18,CTGACTGTTACTGTCACGGCTGCCACTCTCCTT,1
neg,18,CTGACCGTAACGGTCACCGCGGCAACTCTACTG,1
neg,18,CTGACAGTTACTGTCACTGCTGCTACCCTCCTA,1
neg,19,CTCACCGTTACTGTCACTGCAGCAACCCTACTT,21
neg,19,CTAACCGTAACTGTGACGGCTGCAACGCTTCTG,7
neg,19,CTGACTGTTACAGTAACTGCTGCTACACTACTG,5
neg,19,CTCACCGTTACCGTTACAGCAGCCACTCTACTC,2
neg,19,CTCACTGTTACCGTCACTGCAGCTACCCTGCTC,2
neg,19,CTTACCGTTACTGTGACTGCGGCGACACTCCTT,2
neg,19,CTGACAGTTACCGTTACAGCAGCCACGCTTCTG,1
neg,19,CTTACAGTCACAGTTACCGCCGCCACCCTACTC,1
neg,19,CTGACTGTTACTGTCACGGCTGCCACTCTCCTT,1
neg,1,CTCACCGTTACTGTCACTGCAGCAACCCTACTT,42
neg,1,CTGACTGTTACAGTAACTGCTGCTACACTACTG,13
neg,1,CTAACCGTAACTGTGACGGCTGCAACGCTTCTG,4
neg,1,CTTACCGTTACTGTGACTGCGGCGACACTCCTT,4
neg,1,CTTACAGTTACCGTTACAGCAGCCACACTCCTG,2
neg,1,CTGACAGTTACCGTTACAGCAGCCACGCTTCTG,2
neg,1,CTGACCGTAACGGTCACCGCGGCAACTCTACTG,1
neg,1,CTCACTGTAACAGTTACTGCTGCTACTCTACTT,1
neg,1,CTCACCGTTACCGTTACAGCAGCCACTCTACTC,1
neg,1,CTGACTGTTACTGTCACGGCTGCCACTCTCCTT,1
neg,20,CTCACCGTTACTGTCACTGCAGCAACCCTACTT,24
neg,20,CTTACCGTTACTGTGACTGCGGCGACACTCCTT,8
neg,20,CTCACTGTTACCGTCACTGCAGCTACCCTGCTC,8
neg,20,CTTACAGTTACCGTTACAGCAGCCACACTCCTG,6
neg,20,CTGACAGTTACCGTTACAGCAGCCACGCTTCTG,4
neg,20,CTGACTGTTACAGTAACTGCTGCTACACTACTG,3
neg,20,CTTACCGTCACCGTAACCGCAGCCACTCTACTC,2
neg,20,CTCACCGTTACCGTTACAGCAGCCACTCTACTC,2
neg,20,CTAACCGTAACTGTGACGGCTGCAACGCTTCTG,2
neg,21,CTCACCGTTACTGTCACTGCAGCAACCCTACTT,21
neg,21,CTAACCGTAACTGTGACGGCTGCAACGCTTCTG,8
neg,21,CTTACCGTTACTGTGACTGCGGCGACACTCCTT,7
neg,21,CTCACCGTTACCGTTACAGCAGCCACTCTACTC,5
neg,21,CTGACTGTTACAGTAACTGCTGCTACACTACTG,4
neg,21,CTGACAGTTACCGTTACAGCAGCCACGCTTCTG,3
neg,21,CTTACAGTTACCGTTACAGCAGCCACACTCCTG,2
neg,21,CTCACTGTTACCGTCACTGCAGCTACCCTGCTC,2
neg,21,CTGACCGTAACGGTCACCGCGGCAACTCTACTG,1
neg,21,CTGACAGTTACCGTTACAGCAGCAACGCTTCTG,1
neg,22,CTCACCGTTACTGTCACTGCAGCAACCCTACTT,46
neg,22,CTTACCGTTACTGTGACTGCGGCGACACTCCTT,19
neg,22,CTAACCGTAACTGTGACGGCTGCAACGCTTCTG,11
neg,22,CTTACAGTTACCGTTACAGCAGCCACACTCCTG,9
neg,22,CTGACTGTTACAGTAACTGCTGCTACACTACTG,6
neg,22,CTCACTGTTACCGTCACTGCAGCTACCCTGCTC,4
neg,22,CTGACAGTTACCGTTACAGCAGCCACGCTTCTG,2
neg,22,CTGACTGTTACTGTCACGGCTGCCACTCTCCTT,2
neg,22,CTAACCGTAACTGTGACGGCTGCAACCCTACTT,1
neg,22,CTTACCGTTACTGTGACTGCCGCGACACTCCTT,1
neg,23,CTCACCGTTACTGTCACTGCAGCAACCCTACTT,18
neg,23,CTGACTGTTACAGTAACTGCTGCTACACTACTG,9
neg,23,CTAACCGTAACTGTGACGGCTGCAACGCTTCTG,8
neg,23,CTCACCGTTACCGTTACAGCAGCCACTCTACTC,7
neg,23,CTTACCGTTACTGTGACTGCGGCGACACTCCTT,4
neg,23,CTTACAGTTACCGTTACAGCAGCCACACTCCTG,4
neg,23,CTGACAGTTACCGTTACAGCAGCCACGCTTCTG,3
neg,23,CTCACTGTTACCGTCACTGCAGCTACCCTGCTC,2
neg,23,CTGACAGTTACTGTCACTGCTGCTACCCTCCTA,1
neg,23,CTGACTGTTACTGTCACGGCTGCCACTCTCCTT,1
neg,24,CTCACCGTTACTGTCACTGCAGCAACCCTACTT,18
neg,24,CTTACCGTTACTGTGACTGCGGCGACACTCCTT,14
neg,24,CTGACTGTTACTGTCACGGCTGCCACTCTCCTT,5
neg,24,CTTACAGTTACCGTTACAGCAGCCACACTCCTG,4
neg,24,CTAACCGTAACTGTGACGGCTGCAACGCTTCTG,3
neg,24,CTGACTGTTACAGTAACTGCTGCTACACTACTG,2
neg,24,CTGACAGTTACCGTTACAGCAGCCACGCTTCTG,2
neg,24,CTCACCGTTACCGTTACAGCAGCCACTCTACTC,1
neg,25,CTGACTGTTACAGTAACTGCTGCTACACTACTG,24
neg,25,CTTACCGTTACTGTGACTGCGGCGACACTCCTT,17
neg,25,CTCACCGTTACTGTCACTGCAGCAACCCTACTT,11
neg,25,CTCACCGTTACCGTTACAGCAGCCACTCTACTC,8
neg,25,CTGACAGTTACCGTTACAGCAGCCACGCTTCTG,4
neg,25,CTGACTGTTACTGTCACGGCTGCCACTCTCCTT,2
neg,25,CTAACCGTAACTGTGACGGCTGCAACGCTTCTG,1
neg,25,CTTACCGTAACGGTAACTGCCGCCACGCTGCTT,1
neg,25,CTGACAGTTACTGTCACTGCTGCTACCCTCCTA,1
neg,25,CTCACTGTTACCGTCACTGCAGCTACCCTGCTC,1
neg,26,CTCACCGTTACTGTCACTGCAGCAACCCTACTT,20
neg,26,CTTACAGTTACCGTTACAGCAGCCACACTCCTG,10
neg,26,CTAACCGTAACTGTGACGGCTGCAACGCTTCTG,9
neg,26,CTGACTGTTACAGTAACTGCTGCTACACTACTG,9
neg,26,CTCACCGTTACCGTTACAGCAGCCACTCTACTC,4
neg,26,CTTACCGTTACTGTGACTGCGGCGACACTCCTT,4
neg,26,CTTACAGTCACAGTTACCGCCGCCACCCTACTC,3
neg,26,CTCACTGTTACCGTCACTGCAGCTACCCTGCTC,2
neg,26,CTGACAGTTACCGTTACAGCAGCCACGCTTCTG,2
neg,26,CTGACTGTTACTGTCACGGCTGCCACTCTCCTT,2
neg,26,CTGACCGTAACGGTCACCGCGGCAACTCTACTG,1
neg,26,CTAACCGTAACGGTCACCGCGGCAACTCTACTG,1
neg,27,CTCACCGTTACTGTCACTGCAGCAACCCTACTT,19
neg,27,CTGACAGTTACCGTTACAGCAGCCACGCTTCTG,4
neg,27,CTAACCGTAACTGTGACGGCTGCAACGCTTCTG,4
neg,27,CTTACAGTTACCGTTACAGCAGCCACACTCCTG,2
neg,27,CTGACCGTAACGGTCACCGCGGCAACTCTACTG,2
neg,27,CTCACCGTTACCGTTACAGCAGCCACTCTACTC,2
neg,27,CTGACTGTTACAGTAACTGCTGCTACACTACTG,1
neg,27,CTTACCGTTACTGTGACTGCGGCGACACTCCTT,1
neg,28,CTCACCGTTACTGTCACTGCAGCAACCCTACTT,33
neg,28,CTAACCGTAACTGTGACGGCTGCAACGCTTCTG,15
neg,28,CTTACCGTTACTGTGACTGCGGCGACACTCCTT,11
neg,28,CTCACCGTTACCGTTACAGCAGCCACTCTACTC,11
neg,28,CTCACTGTTACCGTCACTGCAGCTACCCTGCTC,6
neg,28,CTGACAGTTACCGTTACAGCAGCCACGCTTCTG,2
neg,28,CTTACAGTTACCGTTACAGCAGCCACACTCCTG,2
neg,28,CTGACCGTAACGGTCACCGCGGCAACTCTACTG,1
neg,28,CTGACAGTTACTGTCACTGCTGCTACCCTCCTA,1
neg,28,CTGACTGTTACAGTAACTGCTGCTACACTACTG,1
neg,29,CTCACCGTTACTGTCACTGCAGCAACCCTACTT,21
neg,29,CTTACCGTTACTGTGACTGCGGCGACACTCCTT,6
neg,29,CTGACTGTTACAGTAACTGCTGCTACACTACTG,5
neg,29,CTTACAGTTACCGTTACAGCAGCCACACTCCTG,4
neg,29,CTCACTGTTACCGTCACTGCAGCTACCCTGCTC,3
neg,29,CTAACCGTAACTGTGACGGCTGCAACGCTTCTG,2
neg,29,CTGACCGTAACGGTCACCGCGGCAACTCTACTG,2
neg,29,CTGACAGTTACCGTTACAGCAGCCACGCTTCTG,2
neg,29,CTTACAGTTACCGTTACAGCAGCCACACTCCTA,1
neg,29,CTGACTGTTACTGTCACGGCTGCCACTCTCCTT,1
neg,29,CTCACCGTTACCGTTACAGCAGCCACTCTACTC,1
neg,2,CTCACCGTTACTGTCACTGCAGCAACCCTACTT,58
neg,2,CTAACCGTAACTGTGACGGCTGCAACGCTTCTG,17
neg,2,CTTACCGTTACTGTGACTGCGGCGACACTCCTT,13
neg,2,CTCACTGTTACCGTCACTGCAGCTACCCTGCTC,10
neg,2,CTGACCGTAACGGTCACCGCGGCAACTCTACTG,5
neg,2,CTGACTGTTACAGTAACTGCTGCTACACTACTG,4
neg,2,CTCACCGTTACCGTTACAGCAGCCACTCTACTC,3
neg,2,CTGACAGTTACCGTTACAGCAGCCACGCTTCTG,1
neg,2,CTAACCGTTACTGTCACTGCAGCAACCCTACTT,1
neg,2,CTTACAGTTACCGTTACAGCAGCCACACTCCTG,1
neg,30,CTCACCGTTACTGTCACTGCAGCAACCCTACTT,24
neg,30,CTAACCGTAACTGTGACGGCTGCAACGCTTCTG,11
neg,30,CTCACCGTTACCGTTACAGCAGCCACTCTACTC,7
neg,30,CTGACAGTTACCGTTACAGCAGCCACGCTTCTG,3
neg,30,CTCACTGTTACCGTCACTGCAGCTACCCTGCTC,2
neg,30,CTTACAGTTACCGTTACAGCAGCCACACTCCTG,1
neg,30,CTGACTGTTACTGTCACGGCTGCCACTCTCCTT,1
neg,31,CTTACCGTTACTGTGACTGCGGCGACACTCCTT,8
neg,31,CTCACCGTTACTGTCACTGCAGCAACCCTACTT,7
neg,31,CTGACAGTTACCGTTACAGCAGCCACGCTTCTG,5
neg,31,CTTACAGTTACCGTTACAGCAGCCACACTCCTG,4
neg,31,CTGACTGTTACAGTAACTGCTGCTACACTACTG,2
neg,31,CTAACCGTAACTGTGACGGCTGCAACGCTTCTG,2
neg,31,CTAACCGTAACCGTGACGGCTGCAACGCTTCTG,1
neg,31,CTCACTGTTACCGTCACTGCAGCTACCCTGCTA,1
neg,32,CTCACCGTTACTGTCACTGCAGCAACCCTACTT,15
neg,32,CTGACTGTTACAGTAACTGCTGCTACACTACTG,9
neg,32,CTCACTGTTACCGTCACTGCAGCTACCCTGCTC,6
neg,32,CTGACAGTTACCGTTACAGCAGCCACGCTTCTG,5
neg,32,CTTACCGTTACTGTGACTGCGGCGACACTCCTT,5
neg,32,CTAACCGTAACTGTGACGGCTGCAACGCTTCTG,2
neg,32,CTTACAGTTACCGTTACAGCAGCCACACTCCTG,2
neg,32,CTGACTGTTACAGTAACTGCTGCTACGCTACTG,1
neg,33,CTCACCGTTACTGTCACTGCAGCAACCCTACTT,48
neg,33,CTAACCGTAACTGTGACGGCTGCAACGCTTCTG,9
neg,33,CTCACCGTTACCGTTACAGCAGCCACTCTACTC,8
neg,33,CTCACTGTTACCGTCACTGCAGCTACCCTGCTC,6
neg,33,CTGACAGTTACCGTTACAGCAGCCACGCTTCTG,3
neg,33,CTGACTGTTACAGTAACTGCTGCTACACTACTG,2
neg,33,CTTACAGTTACCGTTACAGCAGCCACACTCCTG,2
neg,33,CTGACCGTAACGGTCACCGCGGCAACTCTACTG,2
neg,33,CTGACTGTTACTGTCACGGCTGCCACTCTCCTT,2
neg,33,CTTACCGTTACTGTGACTGCGGCGACACTCCTT,2
neg,34,CTCACCGTTACTGTCACTGCAGCAACCCTACTT,30
neg,34,CTAACCGTAACTGTGACGGCTGCAACGCTTCTG,16
neg,34,CTCACCGTTACCGTTACAGCAGCCACTCTACTC,5
neg,34,CTTACAGTTACCGTTACAGCAGCCACACTCCTG,4
neg,34,CTGACAGTTACCGTTACAGCAGCCACGCTTCTG,3
neg,34,CTGACTGTTACTGTCACGGCTGCCACTCTCCTT,2
neg,34,CTGACTGTTACAGTAACTGCTGCTACACTACTG,2
neg,34,CTTACCGTTACTGTGACTGCAGCAACACTCCTT,1
neg,34,CTCACTGTTACCGTCACTGCAGCTACCCTGCTC,1
neg,34,CTTACCGTTACTGTGACTGCGGCGACACTCCTT,1
neg,3,CTCACCGTTACTGTCACTGCAGCAACCCTACTT,16
neg,3,CTGACTGTTACAGTAACTGCTGCTACACTACTG,7
neg,3,CTTACCGTTACTGTGACTGCGGCGACACTCCTT,4
neg,3,CTAACCGTAACTGTGACGGCTGCAACGCTTCTG,4
neg,3,CTTACAGTTACCGTTACAGCAGCCACACTCCTG,4
neg,3,CTCACCGTTACCGTTACAGCAGCCACTCTACTC,3
neg,3,CTGACTGTTACTGTCACGGCTGCCACTCTCCTT,3
neg,3,CTCACTGTTACCGTCACTGCAGCTACCCTGCTC,2
neg,3,CTGACCGTAACGGTCACCGCGGCAACTCTACTA,1
neg,3,CTGACAGTTACTGTCACTGCTGCTACCCTCCTA,1
neg,3,CTGACAGTTACCGTTACAGCAGCCACGCTTCTG,1
neg,4,CTCACCGTTACTGTCACTGCAGCAACCCTACTT,20
neg,4,CTAACCGTAACTGTGACGGCTGCAACGCTTCTG,8
neg,4,CTTACCGTTACTGTGACTGCGGCGACACTCCTT,6
neg,4,CTTACAGTTACCGTTACAGCAGCCACACTCCTG,5
neg,4,CTCACTGTTACCGTCACTGCAGCTACCCTGCTC,5
neg,4,CTGACTGTTACAGTAACTGCTGCTACACTACTG,4
neg,4,CTCACCGTTACCGTTACAGCAGCCACTCTACTC,3
neg,4,CTGACAGTTACCGTTACAGCAGCCACGCTTCTG,2
neg,4,CTTACCGTAACGGTAACTGCCGCCACGCTGCTT,2
neg,4,CTGACTGTTACTGTCACGGCTGCCACTCTCCTT,1
neg,4,CTGACCGTAACGGTCACCGCGGCAACTCTACTG,1
neg,5,CTCACCGTTACTGTCACTGCAGCAACCCTACTT,15
neg,5,CTTACCGTTACTGTGACTGCGGCGACACTCCTT,6
neg,5,CTAACCGTAACTGTGACGGCTGCAACGCTTCTG,5
neg,5,CTGACAGTTACCGTTACAGCAGCCACGCTTCTG,5
neg,5,CTGACTGTTACAGTAACTGCTGCTACACTACTG,5
neg,5,CTTACAGTTACCGTTACAGCAGCCACACTCCTG,4
neg,5,CTGACCGTAACGGTCACCGCGGCAACTCTACTG,1
neg,5,CTGACTGTTACTGTCACGGCTGCCACTCTCCTT,1
neg,6,CTCACCGTTACTGTCACTGCAGCAACCCTACTT,33
neg,6,CTGACTGTTACAGTAACTGCTGCTACACTACTG,9
neg,6,CTAACCGTAACTGTGACGGCTGCAACGCTTCTG,5
neg,6,CTCACCGTTACCGTTACAGCAGCCACTCTACTC,4
neg,6,CTGACAGTTACCGTTACAGCAGCCACGCTTCTG,2
neg,6,CTGACCGTAACGGTCACCGCGGCAACTCTACTG,1
neg,6,CTGACTGTTACTGTCACGGCTGCCACTCTCCTT,1
neg,6,CTTACAGTCACAGTTACCGCCGCCACCCTACTC,1
neg,6,CTTACCGTTACTGTGACTGCGGCGACACTCCTT,1
neg,7,CTCACCGTTACTGTCACTGCAGCAACCCTACTT,138
neg,7,CTAACCGTAACTGTGACGGCTGCAACGCTTCTG,78
neg,7,CTTACCGTTACTGTGACTGCGGCGACACTCCTT,15
neg,7,CTGACAGTTACCGTTACAGCAGCCACGCTTCTG,7
neg,7,CTTACAGTTACCGTTACAGCAGCCACACTCCTG,6
neg,7,CTCACCGTTACCGTTACAGCAGCCACTCTACTC,6
neg,7,CTGACTGTTACAGTAACTGCTGCTACACTACTG,3
neg,7,CTGACTGTTACTGTCACGGCTGCCACTCTCCTT,3
neg,7,CTAACCGTAACTGTCACTGCAGCAACCCTACTT,2
neg,7,CTAACCGTAACTGTGACGGCTGCAACCCTACTT,2
neg,7,CTCACTGTTACCGTCACTGCAGCTACCCTGCTC,2
neg,7,CTTACCGTCACCGTAACCGCAGCCACTCTACTC,1
neg,7,CTTACAGTCACAGTTACTGCCGCCACCCTACTC,1
neg,7,CTAACCGTAACTGTGACGGCTGCAACGCTACTT,1
neg,7,CTTACAGTCACAGTTACCGCCGCCACCCTACTC,1
neg,7,CTGACAGTCACAGTGACTGCCGCGACTCTTCTT,1
neg,7,CTGACCGTCACTGTAACTGCCGCTACTCTCCTT,1
neg,8,CTCACCGTTACTGTCACTGCAGCAACCCTACTT,15
neg,8,CTAACCGTAACTGTGACGGCTGCAACGCTTCTG,4
neg,8,CTGACAGTTACCGTTACAGCAGCCACGCTTCTG,4
neg,8,CTCACCGTTACCGTTACAGCAGCCACTCTACTC,4
neg,8,CTGACTGTTACTGTCACGGCTGCCACTCTCCTT,3
neg,8,CTTACAGTTACCGTTACAGCAGCCACACTCCTG,2
neg,8,CTCACTGTTACCGTCACTGCAGCTACCCTGCTC,1
neg,8,CTGACTGTTACAGTAACTGCTGCTACACTACTG,1
neg,9,CTCACCGTTACTGTCACTGCAGCAACCCTACTT,16
neg,9,CTTACCGTTACTGTGACTGCGGCGACACTCCTT,12
neg,9,CTGACTGTTACAGTAACTGCTGCTACACTACTG,4
neg,9,CTCACCGTTACCGTTACAGCAGCCACTCTACTC,4
neg,9,CTCACTGTTACCGTCACTGCAGCTACCCTGCTC,4
neg,9,CTGACAGTTACCGTTACAGCAGCCACGCTTCTG,3
neg,9,CTGACCGTAACGGTCACCGCGGCAACTCTACTG,2
neg,9,CTGACTGTTACTGTCACGGCTGCCACTCTCCTT,2
neg,9,CTAACCGTAACTGTGACGGCTGCAACGCTTCTG,2
neg,9,CTTACAGTTACCGTTACAGCAGCCACACTCCTG,1
pos,10,CTCACAGTGACGGTCACCGCAGCCACCCTCCTT,40556
pos,10,CTCACCGTTACTGTCACTGCAGCAACCCTACTT,1
pos,11,CTTACAGTGACGGTTACGGCAGCAACACTGCTT,41318
pos,11,CTCACCGTTACTGTCACTGCAGCAACCCTACTT,1
pos,11,CTGACAGTTACCGTTACAGCAGCCACGCTTCTG,1
pos,12,CTAACCGTCACTGTTACTGCTGCGACCCTACTA,42101
pos,12,CTGACAGTTACCGTTACAGCAGCCACGCTTCTG,1
pos,12,CTCACCGTTACTGTCACTGCAGCAACCCTACTT,1
pos,13,CTTACAGTTACGGTCACTGCAGCCACGCTTCTC,38853
pos,13,CTGACAGTTACCGTTACAGCAGCCACGCTTCTG,1
pos,13,CTCACCGTTACTGTCACTGCAGCAACCCTACTT,1
pos,14,CTGACTGTTACTGTCACGGCTGCCACTCTCCTT,40017
pos,14,CTGACAGTTACCGTTACAGCAGCCACGCTTCTG,1
pos,14,CTCACCGTTACTGTCACTGCAGCAACCCTACTT,1
pos,15,CTCACCGTTACCGTTACAGCAGCCACTCTACTC,40938
pos,15,CTGACAGTTACCGTTACAGCAGCCACGCTTCTG,1
pos,15,CTCACCGTTACTGTCACTGCAGCAACCCTACTT,1
pos,16,CTAACTGTAACAGTTACTGCTGCGACTCTACTT,34776
pos,16,CTCACCGTTACTGTCACTGCAGCAACCCTACTT,1
pos,16,CTGACAGTTACCGTTACAGCAGCCACGCTTCTG,1
pos,17,CTAACAGTCACAGTTACTGCAGCTACCCTGCTC,41933
pos,17,CTCACCGTTACTGTCACTGCAGCAACCCTACTT,1
pos,18,CTGACTGTTACAGTAACTGCTGCTACACTACTG,42507
pos,18,CTCACCGTTACTGTCACTGCAGCAACCCTACTT,1
pos,18,CTGACAGTTACCGTTACAGCAGCCACGCTTCTG,1
pos,19,CTGACGGTAACTGTTACAGCCGCCACTCTTCTA,41902
pos,19,CTGACAGTTACCGTTACAGCAGCCACGCTTCTG,1
pos,19,CTCACCGTTACTGTCACTGCAGCAACCCTACTT,1
pos,1,CTGACCGTCACTGTCACTGCCGCCACGCTTCTA,45147
pos,1,CTCACCGTTACTGTCACTGCAGCAACCCTACTT,1
pos,20,CTCACTGTCACGGTCACCGCAGCCACACTGCTC,37035
pos,20,CTAACGGTCACAGTCACCGCTGCAACCCTCCTG,986
pos,20,CTCACTGTCACGGTCACCGCTGCAACCCTCCTG,16
pos,20,CTCACTGTCACGGTCACCGCAGCCACCCTGCTC,14
pos,20,CTCACGGTCACAGTCACCGCTGCAACCCTCCTG,9
pos,20,CTAACGGTCACAGTCACCGCTGCCACCCTCCTG,9
pos,20,CTCACTGTCACAGTCACCGCAGCCACACTGCTC,7
pos,20,CTCACTGTCACAGTCACCGCTGCAACCCTCCTG,4
pos,20,CTCACTGTCACGGTCACCGCAGCAACACTGCTC,4
pos,20,CTAACGGTCACAGTCACCGCTGCCACACTGCTC,3
pos,20,CTAACGGTCACAGTCACCGCAGCCACACTGCTC,3
pos,20,CTCACTGTCACGGTCACCGCAGCAACCCTCCTG,2
pos,20,CTAACTGTCACGGTCACCGCAGCCACACTGCTC,2
pos,20,CTCACGGTCACGGTCACCGCAGCCACACTGCTC,2
pos,20,CTAACGGTCACGGTCACCGCAGCCACACTGCTC,1
pos,20,CTAACGGTCACGGTCACCGCTGCAACCCTCCTC,1
pos,20,CTCACTGTCACGGTCACCGCTGCCACCCTCCTG,1
pos,20,CTCACTGTCACGGTCACCGCAGCCACACTCCTC,1
pos,20,CTAACTGTCACAGTCACCGCTGCAACCCTCCTG,1
pos,20,CTCACGGTCACAGTCACCGCTGCCACCCTCCTG,1
pos,20,CTGACAGTTACCGTTACAGCAGCCACGCTTCTG,1
pos,20,CTCACTGTCACGGTCACCGCAGCCACCCTCCTG,1
pos,20,CTAACGGTCACGGTCACCGCAGCAACCCTCCTC,1
pos,20,CTCACCGTTACTGTCACTGCAGCAACCCTACTT,1
pos,20,CTAACTGTCACAGTCACCGCTGCAACACTCCTG,1
pos,20,CTCACTGTCACGGTCACCGCAGCCACCCTCCTC,1
pos,20,CTCACGGTCACAGTCACCGCAGCCACACTGCTC,1
pos,20,CTCACTGTCACGGTCACCGCTGCCACACTCCTC,1
pos,20,CTAACGGTCACAGTCACCGCTGCAACCCTCCTC,1
pos,21,CTCACAGTCACCGTGACCGCTGCGACCCTACTT,41583
pos,21,CTCACCGTTACTGTCACTGCAGCAACCCTACTT,1
pos,21,CTGACAGTTACCGTTACAGCAGCCACGCTTCTG,1
pos,22,CTTACAGTTACGGTCACTGCAGCCACGCTTCTC,36429
pos,22,CTGACAGTTACCGTTACAGCAGCCACGCTTCTG,1
pos,22,CTCACCGTTACTGTCACTGCAGCAACCCTACTT,1
pos,23,CTGACGGTAACAGTGACAGCAGCAACCCTACTT,38524
pos,23,CTCACCGTTACTGTCACTGCAGCAACCCTACTT,1
pos,23,CTGACAGTTACCGTTACAGCAGCCACGCTTCTG,1
pos,24,CTGACAGTTACTGTCACTGCTGCTACCCTCCTA,39914
pos,24,CTCACCGTTACTGTCACTGCAGCAACCCTACTT,1
pos,24,CTGACAGTTACCGTTACAGCAGCCACGCTTCTG,1
pos,25,CTAACCGTCACAGTAACCGCAGCTACCCTGCTG,36685
pos,25,CTGACAGTTACCGTTACAGCAGCCACGCTTCTG,1
pos,25,CTCACCGTTACTGTCACTGCAGCAACCCTACTT,1
pos,26,CTTACAGTTACCGTTACAGCAGCCACACTCCTG,37085
pos,26,CTGACAGTTACCGTTACAGCAGCCACGCTTCTG,1
pos,26,CTCACCGTTACTGTCACTGCAGCAACCCTACTT,1
pos,2,CTAACTGTAACCGTCACTGCGGCAACTCTGCTC,44801
pos,2,CTCACCGTTACTGTCACTGCAGCAACCCTACTT,1
pos,3,CTTACAGTGACGGTTACGGCAGCAACACTGCTT,43140
pos,3,CTCACCGTTACTGTCACTGCAGCAACCCTACTT,1
pos,3,CTGACAGTTACCGTTACAGCAGCCACGCTTCTG,1
pos,4,CTGACTGTAACCGTCACTGCCGCTACACTTCTC,42100
pos,4,CTCACCGTTACTGTCACTGCAGCAACCCTACTT,1
pos,4,CTGACAGTTACCGTTACAGCAGCCACGCTTCTG,1
pos,5,CTGACCGTCACTGTCACTGCCGCCACGCTTCTA,39477
pos,5,CTGACAGTTACCGTTACAGCAGCCACGCTTCTG,1
pos,5,CTCACCGTTACTGTCACTGCAGCAACCCTACTT,1
pos,6,CTCACAGTGACTGTAACAGCAGCTACGCTGCTA,37141
pos,6,CTGACTGTGACCGTGACTGCTGCCACTCTACTA,78
pos,6,CTCACAGTGACTGTAACAGCAGCTACGCTACTA,2
pos,6,CTCACAGTGACTGTAACAGCAGCCACGCTGCTA,2
pos,6,CTGACAGTTACCGTTACAGCAGCCACGCTTCTG,1
pos,6,CTCACCGTTACTGTCACTGCAGCAACCCTACTT,1
pos,6,CTGACTGTGACTGTAACAGCAGCTACGCTGCTA,1
pos,7,CTAACAGTCACGGTCACCGCCGCAACGCTTCTT,38210
pos,7,CTCACCGTTACTGTCACTGCAGCAACCCTACTT,1
pos,7,CTGACAGTTACCGTTACAGCAGCCACGCTTCTG,1
pos,8,CTCACCGTTACTGTCACTGCAGCAACCCTACTT,39091
pos,8,CTGACAGTTACCGTTACAGCAGCCACGCTTCTG,1
pos,9,CTGACTGTTACTGTCACGGCTGCCACTCTCCTT,41641
pos,9,CTGACTGTTACTGTCACGGCAGCCACTCTCCTT,1
pos,9,CTCACCGTTACTGTCACTGCAGCAACCCTACTT,1
