type,replicate,cell,sequence,counts
neg,0,2,CTAACCGTCACAGTAACCGCAGCTACCCTGCTG,15
neg,0,2,CTTACCGTTACTGTGACTGCGGCGACACTCCTT,5
neg,0,2,CTGACTGTTACAGTAACTGCTGCTACACTACTG,2
neg,0,2,CTTACAGTTACCGTTACAGCAGCCACACTCCTG,1
neg,0,2,CTCACCGTTACTGTCACTGCAGCAACCCTACTT,1
neg,0,2,CTGACAGTTACCGTTACAGCAGCCACGCTTCTG,1
neg,0,2,CTAACCGTCACAGTAACCGCAGCTACCCTACTG,1
neg,0,3,CTAACCGTCACAGTAACCGCAGCTACCCTGCTG,28
neg,0,3,CTGACAGTTACCGTTACAGCAGCCACGCTTCTG,2
neg,0,3,CTTACCGTTACTGTGACTGCGGCGACACTCCTT,1
neg,0,3,CTCACCGTTACTGTCACTGCAGCAACCCTACTT,1
neg,0,3,CTGACTGTTACTGTCACGGCTGCCACTCTCCTT,1
neg,0,4,CTAACCGTCACAGTAACCGCAGCTACCCTGCTG,29
neg,0,4,CTCACCGTTACTGTCACTGCAGCAACCCTACTT,1
neg,0,4,CTGACTGTTACTGTCACGGCTGCCACTCTCCTT,1
neg,10,1,CTAACCGTCACAGTAACCGCAGCTACCCTGCTG,37
neg,10,1,CTGACAGTTACCGTTACAGCAGCCACGCTTCTG,4
neg,10,1,CTCACCGTTACTGTCACTGCAGCAACCCTACTT,3
neg,10,1,CTTACCGTTACTGTGACTGCGGCGACACTCCTT,2
neg,10,2,CTAACCGTCACAGTAACCGCAGCTACCCTGCTG,33
neg,10,2,CTGACTGTTACTGTCACGGCTGCCACTCTCCTT,2
neg,10,2,CTTACAGTTACCGTTACAGCAGCCACACTCCTG,1
neg,10,3,CTAACCGTCACAGTAACCGCAGCTACCCTGCTG,29
neg,10,3,CTCACCGTTACTGTCACTGCAGCAACCCTACTT,7
neg,10,3,CTGACCGTAACGGTCACCGCGGCAACTCTACTG,4
neg,10,3,CTGACAGTTACCGTTACAGCAGCCACGCTTCTG,4
neg,10,3,CTTACCGTTACTGTGACTGCGGCGACACTCCTT,1
neg,10,3,CTCACGGTTACTGTGACCGCGGCGACCCTACTT,1
neg,10,4,CTAACCGTCACAGTAACCGCAGCTACCCTGCTG,21
neg,10,4,CTGACAGTTACCGTTACAGCAGCCACGCTTCTG,2
neg,10,4,CTCACCGTTACTGTCACTGCAGCAACCCTACTT,2
neg,10,4,CTTACCGTAACGGTAACTGCCGCCACGCTGCTT,1
neg,1,1,CTAACCGTCACAGTAACCGCAGCTACCCTGCTG,38
neg,1,1,CTGACAGTTACCGTTACAGCAGCCACGCTTCTG,3
neg,1,1,CTAACCGTAACTGTGACGGCTGCAACGCTTCTG,2
neg,1,1,CTCACCGTTACTGTCACTGCAGCAACCCTACTT,2
neg,1,1,CTAACCGTCACAGTAACCGCAGCTACCCTACTG,1
neg,1,1,CTTACAGTTACCGTTACAGCAGCCACACTCCTG,1
neg,1,2,CTAACCGTCACAGTAACCGCAGCTACCCTGCTG,21
neg,1,2,CTGACAGTTACCGTTACAGCAGCCACGCTTCTG,4
neg,1,2,CTCACCGTTACTGTCACTGCAGCAACCCTACTT,1
neg,1,3,CTAACCGTCACAGTAACCGCAGCTACCCTGCTG,18
neg,1,3,CTGACAGTTACCGTTACAGCAGCCACGCTTCTG,3
neg,1,3,CTCACCGTTACTGTCACTGCAGCAACCCTACTT,3
neg,1,3,CTTACCGTTACTGTGACTGCGGCGACACTCCTT,3
neg,1,3,CTGACGGTAACAGTGACAGCAGCAACCCTACTT,2
neg,1,3,CTTACAGTTACCGTTACAGCAGCCACACTCCTG,1
neg,1,3,CTCACCGTTACCGTTACAGCAGCCACTCTACTC,1
neg,1,4,CTAACCGTCACAGTAACCGCAGCTACCCTGCTG,32
neg,1,4,CTCACCGTTACTGTCACTGCAGCAACCCTACTT,1
neg,1,4,CTAACCGTAACTGTGACGGCTGCAACGCTTCTG,1
neg,2,1,CTAACCGTCACAGTAACCGCAGCTACCCTGCTG,36
neg,2,1,CTCACCGTTACTGTCACTGCAGCAACCCTACTT,5
neg,2,1,CTTACCGTAACGGTAACTGCCGCCACGCTGCTT,3
neg,2,1,CTAACCGTAACTGTGACGGCTGCAACGCTTCTG,2
neg,2,1,CTGACTGTTACAGTAACTGCTGCTACACTACTG,2
neg,2,2,CTAACCGTCACAGTAACCGCAGCTACCCTGCTG,43
neg,2,2,CTTACCGTCACCGTAACCGCAGCCACTCTACTC,2
neg,2,2,CTGACAGTTACCGTTACAGCAGCCACGCTTCTG,1
neg,2,2,CTCACCGTTACTGTCACTGCAGCAACCCTACTT,1
neg,2,3,CTAACCGTCACAGTAACCGCAGCTACCCTGCTG,43
neg,2,3,CTGACAGTTACCGTTACAGCAGCCACGCTTCTG,2
neg,2,3,CTCACCGTTACTGTCACTGCAGCAACCCTACTT,2
neg,2,4,CTAACCGTCACAGTAACCGCAGCTACCCTGCTG,19
neg,2,4,CTGACAGTTACCGTTACAGCAGCCACGCTTCTG,5
neg,2,4,CTCACCGTTACTGTCACTGCAGCAACCCTACTT,3
neg,2,4,CTTACCGTTACTGTGACTGCGGCGACACTCCTT,2
neg,2,4,CTAACCGTAACTGTGACGGCTGCAACGCTTCTG,1
neg,3,1,CTAACCGTCACAGTAACCGCAGCTACCCTGCTG,15
neg,3,1,CTTACCGTTACTGTGACTGCGGCGACACTCCTT,4
neg,3,1,CTGACAGTTACCGTTACAGCAGCCACGCTTCTG,3
neg,3,1,CTCACCGTTACTGTCACTGCAGCAACCCTACTT,3
neg,3,2,CTAACCGTCACAGTAACCGCAGCTACCCTGCTG,22
neg,3,2,CTGACAGTTACCGTTACAGCAGCCACGCTTCTG,3
neg,3,2,CTGACTGTTACAGTAACTGCTGCTACACTACTG,2
neg,3,3,CTAACCGTCACAGTAACCGCAGCTACCCTGCTG,41
neg,3,3,CTTACAGTTACCGTTACAGCAGCCACACTCCTG,1
neg,3,4,CTAACCGTCACAGTAACCGCAGCTACCCTGCTG,25
neg,3,4,CTCACCGTTACTGTCACTGCAGCAACCCTACTT,3
neg,3,4,CTGACAGTTACCGTTACAGCAGCCACGCTTCTG,2
neg,3,4,CTTACCGTTACTGTGACTGCGGCGACACTCCTT,1
neg,3,4,CTTACAGTTACCGTTACAGCAGCCACACTCCTG,1
neg,8,1,CTAACCGTCACAGTAACCGCAGCTACCCTGCTG,36
neg,8,1,CTCACCGTTACTGTCACTGCAGCAACCCTACTT,3
neg,8,1,CTGACAGTTACCGTTACAGCAGCCACGCTTCTG,2
neg,8,2,CTAACCGTCACAGTAACCGCAGCTACCCTGCTG,39
neg,8,2,CTGACAGTTACCGTTACAGCAGCCACGCTTCTG,3
neg,8,2,CTCACCGTTACTGTCACTGCAGCAACCCTACTT,2
neg,8,3,CTAACCGTCACAGTAACCGCAGCTACCCTGCTG,37
neg,8,3,CTCACCGTTACTGTCACTGCAGCAACCCTACTT,2
neg,8,3,CTGACTGTTACAGTAACTGCTGCTACACTACTG,1
neg,8,3,CTGACAGTTACCGTTACAGCAGCCACGCTTCTG,1
neg,8,3,CTTACCGTTACTGTGACTGCGGCGACACTCCTT,1
neg,8,4,CTAACCGTCACAGTAACCGCAGCTACCCTGCTG,33
neg,8,4,CTTACCGTTACTGTGACTGCGGCGACACTCCTT,3
neg,8,4,CTAACCGTAACTGTGACGGCTGCAACGCTTCTG,1
neg,8,4,CTCACCGTTACTGTCACTGCAGCAACCCTACTT,1
neg,9,1,CTAACCGTCACAGTAACCGCAGCTACCCTGCTG,28
neg,9,1,CTCACCGTTACTGTCACTGCAGCAACCCTACTT,6
neg,9,1,CTTACAGTTACCGTTACAGCAGCCACACTCCTG,2
neg,9,1,CTAACCGTCACAGTAACCGCCGCTACCCTGCTG,1
neg,9,1,CTGACTGTTACAGTAACTGCTGCTACACTACTG,1
neg,9,2,CTAACCGTCACAGTAACCGCAGCTACCCTGCTG,37
neg,9,2,CTTACCGTTACTGTGACTGCGGCGACACTCCTT,3
neg,9,2,CTCACCGTTACTGTCACTGCAGCAACCCTACTT,1
neg,9,3,CTAACCGTCACAGTAACCGCAGCTACCCTGCTG,32
neg,9,3,CTGACTGTTACAGTAACTGCTGCTACACTACTG,3
neg,9,3,CTCACCGTTACTGTCACTGCAGCAACCCTACTT,3
neg,9,3,CTGACAGTTACCGTTACAGCAGCCACGCTTCTG,3
neg,9,3,CTTACCGTTACTGTGACTGCGGCGACACTCCTT,1
neg,9,4,CTAACCGTCACAGTAACCGCAGCTACCCTGCTG,43
neg,9,4,CTCACCGTTACTGTCACTGCAGCAACCCTACTT,2
neg,9,4,CTTACAGTTACCGTTACAGCAGCCACACTCCTG,2
neg,9,4,CTGACAGTTACCGTTACAGCAGCCACGCTTCTG,1
neg,9,4,CTGACTGTTACAGTAACTGCTGCTACACTACTG,1
pos,0,1,CTGACAGTTACCGTTACAGCAGCCACGCTTCTG,681
pos,0,1,CTAACCGTCACAGTAACCGCAGCTACCCTGCTG,23
pos,0,1,CTTACCGTTACTGTGACTGCGGCGACACTCCTT,1
pos,0,1,CTGACAGTCACCGTTACAGCAGCCACGCTTCTG,1
pos,0,2,CTGACGGTAACAGTGACAGCAGCAACCCTACTT,186
pos,0,2,CTAACCGTCACAGTAACCGCAGCTACCCTGCTG,31
pos,0,2,CTCACCGTTACGGTAACAGCGGCAACACTCCTT,3
pos,0,2,CTGACAGTTACCGTTACAGCAGCCACGCTTCTG,3
pos,0,2,CTCACCGTTACTGTCACTGCAGCAACCCTACTT,2
pos,0,2,CTCACCGTTACCGTTACAGCAGCCACTCTACTC,1
pos,0,2,CTTACCGTTACTGTGACTGCGGCGACACTCCTT,1
pos,0,3,CTCACGGTGACGGTCACCGCCGCAACACTCCTC,1843
pos,0,3,CTAACCGTCACAGTAACCGCAGCTACCCTGCTG,27
pos,0,3,CTCACGGTGACGGTCACCGCAGCAACACTCCTC,1
pos,0,3,CTCACGGTGACGGTCACTGCCGCAACACTCCTC,1
pos,0,3,CTCACCGTTACTGTCACTGCAGCAACCCTACTT,1
pos,0,3,CTGACAGTTACCGTTACAGCAGCCACGCTTCTG,1
pos,0,3,CTCACGGTGACAGTCACCGCCGCAACACTCCTC,1
pos,0,3,CTGACTGTTACAGTAACTGCTGCTACACTACTG,1
pos,0,4,CTGACCGTTACAGTTACCGCAGCAACTCTGCTT,1022
pos,0,4,CTAACTGTAACCGTCACTGCGGCAACTCTGCTC,101
pos,0,4,CTAACCGTCACAGTAACCGCAGCTACCCTGCTG,22
pos,0,4,CTTACCGTTACTGTGACTGCGGCGACACTCCTT,2
pos,0,4,CTGACCGTTACTGTTACCGCAGCAACTCTGCTT,2
pos,0,4,CTGACTGTTACAGTAACTGCTGCTACACTACTG,1
pos,0,4,CTGACAGTTACCGTTACAGCAGCCACGCTTCTG,1
pos,0,4,CTAACCGTAACGGTAACAGCAGCAACCCTCCTT,1
pos,0,4,CTCACCGTTACTGTCACTGCAGCAACCCTACTT,1
pos,0,4,CTGACCGTTACCGTTACAGCAGCCACGCTTCTG,1
pos,0,5,CTCACCGTAACCGTCACAGCTGCTACGCTGCTT,1533
pos,0,5,CTAACCGTCACAGTAACCGCAGCTACCCTGCTG,26
pos,0,5,CTCACCGTTACTGTCACTGCAGCAACCCTACTT,5
pos,0,5,CTGACTGTTACAGTAACTGCTGCTACACTACTG,4
pos,0,5,CTGACTGTTACTGTCACGGCTGCCACTCTCCTT,3
pos,0,5,CTCACCGTTACCGTTACAGCAGCCACTCTACTC,3
pos,0,5,CTGACAGTTACCGTTACAGCAGCCACGCTTCTG,2
pos,0,5,CTTACAGTTACCGTTACAGCAGCCACACTCCTG,1
pos,0,6,CTTACAGTTACTGTTACTGCAGCGACTCTGCTT,848
pos,0,6,CTAACCGTCACAGTAACCGCAGCTACCCTGCTG,23
pos,0,6,CTGACTGTTACAGTAACTGCTGCTACACTACTG,5
pos,0,6,CTCACCGTTACTGTCACTGCAGCAACCCTACTT,4
pos,0,6,CTTACCGTTACTGTGACTGCGGCGACACTCCTT,3
pos,0,6,CTGACAGTTACCGTTACAGCAGCCACGCTTCTG,3
pos,0,6,CTTACAGTTACCGTTACAGCAGCCACACTCCTG,2
pos,0,6,CTAACCGTAACTGTGACGGCTGCAACGCTTCTG,1
pos,0,6,CTCACCGTTACCGTTACAGCAGCCACTCTACTC,1
pos,0,7,CTCACAGTCACCGTGACCGCTGCGACCCTACTT,1042
pos,0,7,CTAACTGTCACTGTAACAGCCGCTACACTTCTC,765
pos,0,7,CTTACCGTTACTGTAACGGCCGCAACGCTGCTT,466
pos,0,7,CTAACCGTCACAGTAACCGCAGCTACCCTGCTG,21
pos,0,7,CTCACCGTTACTGTCACTGCAGCAACCCTACTT,2
pos,0,7,CTTACCGTCACTGTAACGGCCGCAACGCTGCTT,1
pos,0,7,CTAACCGTAACAGTAACAGCAGCTACCCTACTT,1
pos,0,7,CTCACAGTCACCGTGACAGCTGCGACCCTACTT,1
pos,0,7,CTGACAGTTACCGTTACAGCAGCCACGCTTCTG,1
pos,0,8,CTGACAGTTACCGTTACAGCAGCCACGCTTCTG,594
pos,0,8,CTAACCGTCACAGTAACCGCAGCTACCCTGCTG,19
pos,0,8,CTGACAGTTACCGTCACAGCAGCCACGCTTCTG,1
pos,0,8,CTCACCGTTACTGTCACTGCAGCAACCCTACTT,1
pos,0,8,CTGACAGTTACCGTTACAGCAGCAACGCTTCTG,1
pos,0,8,CTGACAGTTACCGTTACAGCGGCCACGCTTCTG,1
pos,10,10,CTGACAGTCACAGTGACTGCCGCGACTCTTCTT,858
pos,10,10,CTCACCGTTACTGTCACTGCAGCAACCCTACTT,727
pos,10,10,CTAACCGTCACAGTAACCGCAGCTACCCTGCTG,30
pos,10,10,CTTACCGTTACTGTGACTGCGGCGACACTCCTT,2
pos,10,10,CTCACCGTTACTGTCACTGCCGCAACCCTACTT,1
pos,10,10,CTGACAGTCACAGTGACTGCCGCGACTCTTCTC,1
pos,10,10,CTGACAGTTACCGTTACAGCAGCCACGCTTCTG,1
pos,10,1,CTCACGGTTACTGTGACCGCGGCGACCCTACTT,1200
pos,10,1,CTCACGGTGACAGTCACCGCAGCTACACTACTG,724
pos,10,1,CTAACCGTCACAGTAACCGCAGCTACCCTGCTG,22
pos,10,1,CTTACCGTTACTGTGACTGCGGCGACACTCCTT,3
pos,10,1,CTGACAGTTACCGTTACAGCAGCCACGCTTCTG,1
pos,10,1,CTCACCGTTACTGTCACTGCAGCAACCCTACTT,1
pos,10,1,CTCACGGTGACAGTCACCGCAGCTACCCTACTG,1
pos,10,1,CTCACGGTTACGGTGACCGCGGCGACCCTACTT,1
pos,10,1,CTCACGGTTACAGTGACCGCAGCTACCCTACTG,1
pos,10,2,CTGACTGTTACGGTTACAGCAGCAACCCTACTC,1798
pos,10,2,CTAACCGTCACAGTAACCGCAGCTACCCTGCTG,28
pos,10,2,CTTACCGTTACTGTGACTGCGGCGACACTCCTT,3
pos,10,2,CTGACTGTTACGGTTACAGCAGCAACCCTACTT,1
pos,10,2,CTGACGGTAACAGTGACAGCAGCAACCCTACTT,1
pos,10,3,CTTACTGTTACGGTAACCGCAGCCACGCTCCTT,922
pos,10,3,CTAACCGTCACAGTAACCGCAGCTACCCTGCTG,34
pos,10,3,CTGACAGTTACCGTTACAGCAGCCACGCTTCTG,5
pos,10,3,CTCACCGTTACTGTCACTGCAGCAACCCTACTT,4
pos,10,3,CTGACTGTTACAGTAACTGCTGCTACACTACTG,3
pos,10,3,CTTACTGTTACGGTAACCGCAGCCACGCTCCTC,1
pos,10,3,CTAACCGTCACAGTAACCGCAGCTACCCTACTG,1
pos,10,3,CTTACTGTTACAGTAACCGCAGCCACGCTCCTT,1
pos,10,3,CTTACTGTTACGGTAACCGCGGCCACGCTCCTT,1
pos,10,4,CTTACAGTTACCGTTACAGCAGCCACACTCCTG,1709
pos,10,4,CTAACCGTCACAGTAACCGCAGCTACCCTGCTG,37
pos,10,4,CTTACCGTTACTGTGACTGCGGCGACACTCCTT,3
pos,10,4,CTGACTGTTACAGTAACTGCTGCTACACTACTG,2
pos,10,4,CTCACCGTTACTGTCACTGCAGCAACCCTACTT,2
pos,10,4,CTGACTGTTACTGTCACGGCTGCCACTCTCCTT,1
pos,10,4,CTGACAGTTACCGTTACAGCAGCCACGCTTCTG,1
pos,10,5,CTGACGGTCACAGTTACTGCTGCTACCCTGCTC,712
pos,10,5,CTAACCGTCACAGTAACCGCAGCTACCCTGCTG,25
pos,10,5,CTGACAGTTACCGTTACAGCAGCCACGCTTCTG,4
pos,10,5,CTCACCGTTACTGTCACTGCAGCAACCCTACTT,1
pos,10,5,CTGACTGTTACAGTAACTGCTGCTACACTACTG,1
pos,10,5,CTTACGGTCACAGTTACTGCTGCTACCCTGCTC,1
pos,10,6,CTGACTGTAACCGTCACTGCCGCTACACTTCTC,341
pos,10,6,CTAACCGTCACAGTAACCGCAGCTACCCTGCTG,27
pos,10,6,CTGACTGTAACCGTCACTGCCGCCACACTTCTC,4
pos,10,6,CTGACAGTTACCGTTACAGCAGCCACGCTTCTG,3
pos,10,6,CTCACCGTTACTGTCACTGCAGCAACCCTACTT,2
pos,10,6,CTAACCGTCACGGTAACCGCAGCTACCCTGCTG,1
pos,10,7,CTTACGGTTACTGTTACAGCTGCGACTCTGCTG,1602
pos,10,7,CTAACCGTCACAGTAACCGCAGCTACCCTGCTG,32
pos,10,7,CTCACCGTTACTGTCACTGCAGCAACCCTACTT,3
pos,10,7,CTAACCGTCACAGTAACCGCAGCTACCCTTCTG,2
pos,10,7,CTGACAGTTACCGTTACAGCAGCCACGCTTCTG,2
pos,10,7,CTTACTGTTACTGTTACAGCTGCGACTCTGCTG,1
pos,10,7,CTTACCGTTACTGTTACCGCTGCTACCCTGCTG,1
pos,10,7,CTTACGGTTACCGTTACAGCTGCGACTCTGCTG,1
pos,10,7,CTTACGGTTACTGTCACAGCTGCGACTCTGCTG,1
pos,10,8,CTGACCGTTACAGTTACCGCAGCAACTCTGCTT,1294
pos,10,8,CTAACCGTCACAGTAACCGCAGCTACCCTGCTG,34
pos,10,8,CTGACAGTTACCGTTACAGCAGCCACGCTTCTG,4
pos,10,8,CTTACCGTTACTGTGACTGCGGCGACACTCCTT,2
pos,10,8,CTGACCGTAACGGTCACCGCGGCAACTCTACTG,2
pos,10,8,CTCACCGTTACTGTCACTGCAGCAACCCTACTT,1
pos,10,8,CTGACCGTTACAGTTACCGCAGCAACTCTACTT,1
pos,10,8,CTGACTGTTACAGTTACCGCAGCAACTCTGCTT,1
pos,10,8,CTGACTGTTACTGTCACGGCTGCCACTCTCCTT,1
pos,10,8,CTGACTGTTACAGTAACTGCTGCTACACTACTG,1
pos,10,9,CTCACTGTAACCGTTACAGCTGCTACACTTCTC,3160
pos,10,9,CTAACCGTCACAGTAACCGCAGCTACCCTGCTG,29
pos,10,9,CTCACTGTAACCGTTACAGCTGCTACACTTCTT,1
pos,10,9,CTGACAGTTACCGTTACAGCAGCCACGCTTCTG,1
pos,10,9,CTCACCGTTACTGTCACTGCAGCAACCCTACTT,1
pos,10,9,CTCACTGTAACCGTCACAGCTGCTACACTTCTC,1
pos,10,9,CTGACTGTTACAGTAACTGCTGCTACACTACTG,1
pos,10,9,CTTACTGTAACCGTTACAGCTGCTACACTTCTC,1
pos,1,1,CTTACAGTTACCGTGACCGCTGCTACGCTACTT,506
pos,1,1,CTAACCGTCACAGTAACCGCAGCTACCCTGCTG,38
pos,1,1,CTCACCGTTACTGTCACTGCAGCAACCCTACTT,6
pos,1,1,CTTACCGTTACTGTGACTGCGGCGACACTCCTT,5
pos,1,1,CTTACAGTTACCGTGACCGCGGCTACGCTACTT,1
pos,1,2,CTTACTGTCACCGTTACCGCAGCAACACTACTT,6704
pos,1,2,CTAACCGTCACAGTAACCGCAGCTACCCTGCTG,29
pos,1,2,CTGACAGTTACCGTTACAGCAGCCACGCTTCTG,2
pos,1,2,CTTACCGTTACTGTGACTGCGGCGACACTCCTT,2
pos,1,2,CTTACTGTCACCGTTACCGCAGCAACACTACTC,2
pos,1,2,CTTACTGTCACCGTTACTGCAGCAACACTACTT,1
pos,1,2,CTCACCGTTACTGTCACTGCAGCAACCCTACTT,1
pos,1,2,CTTACTGTCACTGTTACCGCAGCAACACTACTT,1
pos,1,3,CTAACTGTAACCGTCACTGCGGCAACTCTGCTC,440
pos,1,3,CTAACCGTCACAGTAACCGCAGCTACCCTGCTG,25
pos,1,3,CTGACCGTAACGGTCACCGCGGCAACTCTACTG,3
pos,1,3,CTGACTGTTACAGTAACTGCTGCTACACTACTG,2
pos,1,3,CTGACTGTTACTGTCACGGCTGCCACTCTCCTT,1
pos,1,3,CTAACTGTGACCGTCACTGCGGCAACTCTGCTC,1
pos,1,4,CTTACCGTTACTGTAACGGCCGCAACGCTGCTT,1328
pos,1,4,CTAACCGTCACAGTAACCGCAGCTACCCTGCTG,27
pos,1,4,CTTACCGTTACTGTGACTGCGGCGACACTCCTT,3
pos,1,4,CTCACCGTTACTGTCACTGCAGCAACCCTACTT,1
pos,1,4,CTGACGGTAACAGTGACAGCAGCAACCCTACTT,1
pos,1,4,CTTACCGTTACTGTAACGGCTGCAACGCTGCTT,1
pos,1,4,CTGACAGTTACCGTTACAGCAGCCACGCTTCTG,1
pos,1,5,CTAACCGTAACTGTGACGGCTGCAACGCTTCTG,210
pos,1,5,CTAACCGTCACAGTAACCGCAGCTACCCTGCTG,30
pos,1,5,CTGACAGTTACCGTTACAGCAGCCACGCTTCTG,4
pos,1,5,CTTACCGTTACTGTGACTGCGGCGACACTCCTT,3
pos,1,5,CTCACCGTTACTGTCACTGCAGCAACCCTACTT,2
pos,1,5,CTTACAGTTACCGTTACAGCAGCCACACTCCTG,1
pos,1,6,CTAACTGTTACGGTAACAGCTGCGACGCTTCTC,284
pos,1,6,CTAACCGTCACAGTAACCGCAGCTACCCTGCTG,24
pos,1,6,CTTACCGTTACTGTGACTGCGGCGACACTCCTT,5
pos,1,6,CTCACCGTTACTGTCACTGCAGCAACCCTACTT,4
pos,1,6,CTGACAGTTACCGTTACAGCAGCCACGCTTCTG,1
pos,1,6,CTCACCGTTACCGTTACAGCAGCCACTCTACTC,1
pos,1,7,CTGACAGTTACCGTTACAGCAGCCACGCTTCTG,817
pos,1,7,CTAACCGTCACAGTAACCGCAGCTACCCTGCTG,30
pos,1,7,CTGACTGTTACAGTAACTGCTGCTACACTACTG,3
pos,1,7,CTGACAGTCACCGTTACAGCAGCCACGCTTCTG,1
pos,1,7,CTCACCGTTACTGTCACTGCAGCAACCCTACTT,1
pos,1,8,CTGACAGTTACCGTTACAGCAGCCACGCTTCTG,423
pos,1,8,CTAACCGTCACAGTAACCGCAGCTACCCTGCTG,17
pos,1,8,CTAACAGTTACCGTCACTGCAGCGACACTACTT,6
pos,1,8,CTCACCGTTACTGTCACTGCAGCAACCCTACTT,2
pos,1,9,CTCACGGTAACCGTGACAGCAGCAACTCTCCTA,894
pos,1,9,CTAACCGTCACAGTAACCGCAGCTACCCTGCTG,26
pos,1,9,CTCACCGTTACTGTCACTGCAGCAACCCTACTT,2
pos,1,9,CTGACGGTAACAGTGACAGCAGCAACCCTACTT,2
pos,1,9,CTGACAGTTACCGTTACAGCAGCCACGCTTCTG,1
pos,1,9,CTGACTGTTACAGTAACTGCTGCTACACTACTG,1
pos,1,9,CTTACCGTTACTGTGACTGCGGCGACACTCCTT,1
pos,1,9,CTAACCGTAACTGTGACGGCTGCAACGCTTCTG,1
pos,2,1,CTTACAGTTACCGTGACCGCTGCTACGCTACTT,2141
pos,2,1,CTAACCGTCACAGTAACCGCAGCTACCCTGCTG,19
pos,2,1,CTTACAGTTACCGTGACCGCTGCTACGCTACTC,4
pos,2,1,CTCACCGTTACTGTCACTGCAGCAACCCTACTT,3
pos,2,1,CTGACTGTTACAGTAACTGCTGCTACACTACTG,1
pos,2,1,CTCACGGTAACCGTGACAGCAGCAACTCTCCTA,1
pos,2,2,CTTACAGTTACCGTTACAGCAGCCACACTCCTG,4922
pos,2,2,CTAACCGTCACAGTAACCGCAGCTACCCTGCTG,24
pos,2,2,CTTACAGTCACCGTTACAGCAGCCACACTCCTG,3
pos,2,2,CTCACCGTTACTGTCACTGCAGCAACCCTACTT,3
pos,2,2,CTTACAGTTACCGTTACAGCAGCCACACTCCTT,2
pos,2,2,CTGACAGTTACCGTTACAGCAGCCACGCTTCTG,1
pos,2,2,CTTACAGTTACCGTTACCGCAGCCACACTCCTG,1
pos,2,3,CTCACCGTTACTGTCACTGCAGCAACCCTACTT,970
pos,2,3,CTAACCGTCACAGTAACCGCAGCTACCCTGCTG,35
pos,2,3,CTGACGGTAACAGTGACAGCAGCAACCCTACTT,2
pos,2,3,CTGACTGTTACAGTAACTGCTGCTACACTACTG,2
pos,2,3,CTGACAGTTACCGTTACAGCAGCCACGCTTCTG,1
pos,2,3,CTAACCGTCACAGTAACCGCTGCTACCCTGCTG,1
pos,2,4,CTCACCGTTACTGTCACTGCAGCAACCCTACTT,4593
pos,2,4,CTAACCGTCACAGTAACCGCAGCTACCCTGCTG,19
pos,2,4,CTGACGGTAACAGTGACAGCAGCAACCCTACTT,2
pos,2,4,CTAACCGTCACAGTAACCGCAGCTACCCTACTG,2
pos,2,4,CTCACCGTTACTGTTACTGCAGCAACCCTACTT,1
pos,2,4,CTCACCGTTACTGTCACTGCGGCAACCCTACTT,1
pos,2,4,CTCACCGTTACTGTCACTGCAGCAACCCTACTC,1
pos,2,5,CTGACTGTTACTGTCACGGCTGCCACTCTCCTT,617
pos,2,5,CTAACCGTCACAGTAACCGCAGCTACCCTGCTG,28
pos,2,5,CTGACAGTTACCGTTACAGCAGCCACGCTTCTG,5
pos,2,5,CTCACCGTTACTGTCACTGCAGCAACCCTACTT,5
pos,2,5,CTAACCGTAACTGTGACGGCTGCAACGCTTCTG,1
pos,2,6,CTTACAGTGACAGTTACGGCAGCTACACTTCTC,635
pos,2,6,CTAACCGTCACAGTAACCGCAGCTACCCTGCTG,36
pos,2,6,CTGACTGTTACAGTAACTGCTGCTACACTACTG,5
pos,2,6,CTTACCGTTACTGTGACTGCGGCGACACTCCTT,1
pos,2,6,CTTACAGTGACAGTTACGGCAGCTACACTTCTT,1
pos,2,6,CTGACAGTTACCGTTACAGCAGCCACGCTTCTG,1
pos,2,6,CTAACCGTCACAGTAACCGCTGCTACCCTGCTG,1
pos,2,6,CTAACCGTCACAGTAACCGCAGCCACCCTGCTG,1
pos,2,7,CTCACGGTGACCGTAACCGCAGCGACTCTGCTC,1079
pos,2,7,CTAACCGTCACAGTAACCGCAGCTACCCTGCTG,12
pos,2,7,CTGACAGTTACCGTTACAGCAGCCACGCTTCTG,1
pos,2,7,CTGACTGTTACAGTAACTGCTGCTACACTACTG,1
pos,2,8,CTAACTGTAACCGTGACAGCAGCTACACTGCTT,1049
pos,2,8,CTAACCGTCACAGTAACCGCAGCTACCCTGCTG,30
pos,2,8,CTGACAGTTACCGTTACAGCAGCCACGCTTCTG,3
pos,2,8,CTGACTGTTACAGTAACTGCTGCTACACTACTG,3
pos,2,8,CTGACTGTTACTGTCACGGCTGCCACTCTCCTT,1
pos,2,8,CTCACCGTTACTGTCACTGCAGCAACCCTACTT,1
pos,2,8,CTTACCGTTACTGTGACTGCGGCGACACTCCTT,1
pos,3,1,CTGACTGTTACTGTCACGGCTGCCACTCTCCTT,2495
pos,3,1,CTAACCGTCACAGTAACCGCAGCTACCCTGCTG,28
pos,3,1,CTTACCGTTACTGTGACTGCGGCGACACTCCTT,1
pos,3,1,CTGACTGTTACGGTCACGGCTGCCACTCTCCTT,1
pos,3,1,CTCACCGTTACTGTCACTGCAGCAACCCTACTT,1
pos,3,1,CTGACTGTTACCGTCACGGCTGCCACTCTCCTT,1
pos,3,1,CTGACAGTTACCGTTACAGCAGCCACGCTTCTG,1
pos,3,1,CTGACCGTCACTGTCACTGCCGCCACGCTTCTA,1
pos,3,2,CTCACTGTCACGGTCACCGCAGCCACACTGCTC,1731
pos,3,2,CTAACCGTCACAGTAACCGCAGCTACCCTGCTG,40
pos,3,2,CTAACCGTAACTGTGACGGCTGCAACGCTTCTG,2
pos,3,2,CTGACAGTTACCGTTACAGCAGCCACGCTTCTG,2
pos,3,2,CTGACGGTAACAGTGACAGCAGCAACCCTACTT,2
pos,3,2,CTGACTGTTACAGTAACTGCTGCTACACTACTG,2
pos,3,2,CTCACTGTCACGGTCACCGCAGCCACGCTGCTC,1
pos,3,2,CTAACCGTCACGGTCACCGCAGCCACACTGCTG,1
pos,3,2,CTCACTGTCACGGTCACTGCAGCCACACTGCTC,1
pos,3,2,CTCACTGTCACGGTCACCGCAGCCACACTGCTT,1
pos,3,2,CTGACAGTTACCGTTACCGCAGCCACGCTGCTG,1
pos,3,4,CTGACAGTTACCGTTACAGCAGCCACGCTTCTG,1228
pos,3,4,CTAACCGTCACAGTAACCGCAGCTACCCTGCTG,25
pos,3,4,CTCACCGTTACTGTCACTGCAGCAACCCTACTT,2
pos,3,4,CTGACAGTTACCGTTACAGCTGCCACGCTTCTG,1
pos,3,4,CTGACTGTTACAGTAACTGCTGCTACACTACTG,1
pos,3,5,CTGACCGTCACTGTAACTGCCGCTACTCTCCTT,2170
pos,3,5,CTAACCGTCACAGTAACCGCAGCTACCCTGCTG,33
pos,3,5,CTCACCGTTACTGTCACTGCAGCAACCCTACTT,3
pos,3,5,CTGACAGTTACCGTTACAGCAGCCACGCTTCTG,1
pos,3,5,CTGACAGTCACTGTAACTGCCGCTACTCTCCTT,1
pos,3,5,CTAACCGTAACTGTGACGGCTGCAACGCTTCTG,1
pos,3,6,CTCACTGTAACAGTTACTGCTGCTACTCTACTT,2167
pos,3,6,CTAACCGTCACAGTAACCGCAGCTACCCTGCTG,30
pos,3,6,CTGACAGTTACCGTTACAGCAGCCACGCTTCTG,4
pos,3,6,CTCACCGTTACTGTCACTGCAGCAACCCTACTT,2
pos,3,6,CTCACTGTAACAGTTACTGCTGCTACCCTACTT,1
pos,3,6,CTCACTGTAACAGTTACTGCTGCTACTCTACTC,1
pos,3,6,CTCACTGTAACAGTCACTGCTGCTACTCTACTT,1
pos,8,2,CTGACGGTAACAGTGACAGCAGCAACCCTACTT,1213
pos,8,2,CTAACCGTCACAGTAACCGCAGCTACCCTGCTG,18
pos,8,2,CTCACCGTTACTGTCACTGCAGCAACCCTACTT,2
pos,8,2,CTGACAGTTACCGTTACAGCAGCCACGCTTCTG,1
pos,8,2,CTGACTGTTACAGTAACTGCTGCTACACTACTG,1
pos,8,2,CTGACGGTAACAGTGACAGCAGCAACCCTACTC,1
pos,8,3,CTGACAGTAACCGTTACAGCCGCTACTCTGCTT,383
pos,8,3,CTAACCGTCACAGTAACCGCAGCTACCCTGCTG,77
pos,8,3,CTGACAGTTACTGTCACTGCTGCTACCCTCCTA,25
pos,8,3,CTCACTGTCACGGTCACCGCAGCCACACTGCTC,11
pos,8,3,CTGACGGTAACAGTGACAGCAGCAACCCTACTT,7
pos,8,3,CTCACCGTTACTGTCACTGCAGCAACCCTACTT,5
pos,8,3,CTGACAGTTACCGTTACAGCAGCCACGCTTCTG,5
pos,8,3,CTGACTGTTACAGTAACTGCTGCTACACTACTG,3
pos,8,3,CTTACCGTTACTGTGACTGCGGCGACACTCCTT,3
pos,8,3,CTGACAGTTACTGTCACTGCAGCTACCCTCCTA,1
pos,8,3,CTCACCGTCACAGTCACCGCAGCCACACTGCTC,1
pos,8,3,CTCACCGTTACCGTTACAGCAGCCACTCTACTC,1
pos,8,3,CTAACCGTAACTGTGACGGCTGCAACGCTTCTG,1
pos,8,3,CTCACCGTTACAGTCACAGCAGCAACCCTACTT,1
pos,8,4,CTGACAGTTACTGTCACTGCTGCTACCCTCCTA,581
pos,8,4,CTAACCGTCACAGTAACCGCAGCTACCCTGCTG,22
pos,8,4,CTGACAGTTACCGTTACAGCAGCCACGCTTCTG,3
pos,8,4,CTCACCGTTACTGTCACTGCAGCAACCCTACTT,3
pos,8,4,CTGACTGTTACAGTAACTGCTGCTACACTACTG,1
pos,8,5,CTCACTGTCACGGTCACCGCAGCCACACTGCTC,901
pos,8,5,CTAACCGTCACAGTAACCGCAGCTACCCTGCTG,23
pos,8,5,CTCACCGTTACTGTCACTGCAGCAACCCTACTT,2
pos,8,5,CTGACAGTTACCGTTACAGCAGCCACGCTTCTG,2
pos,8,5,CTCACTGTCACGGTCACCGCAGCCACACTGCTT,1
pos,8,5,CTTACAGTTACCGTTACAGCAGCCACACTCCTG,1
pos,8,5,CTCACCGTCACGGTCACCGCAGCCACACTGCTC,1
pos,8,5,CTCACTGTCACGGTCACCGCAGCCACACTACTC,1
pos,8,5,CTGACTGTTACAGTAACTGCTGCTACACTACTG,1
pos,9,1,CTAACCGTCACAGTAACCGCAGCTACCCTGCTG,21
pos,9,1,CTGACAGTTACCGTTACAGCAGCCACGCTTCTG,5
pos,9,1,CTCACCGTTACCGTTACAGCAGCCACTCTACTC,1
pos,9,2,CTAACTGTTACGGTAACAGCTGCGACGCTTCTC,1087
pos,9,2,CTAACCGTCACAGTAACCGCAGCTACCCTGCTG,33
pos,9,2,CTGACAGTTACCGTTACAGCAGCCACGCTTCTG,2
pos,9,2,CTAACCGTAACTGTGACGGCTGCAACGCTTCTG,1
pos,9,2,CTCACCGTTACTGTCACTGCAGCAACCCTACTT,1
