cell,replicate,virus,in_out,sequence,count
Vero,rep1,NS3 S412A,input,CTGACCGTAACGGTCACCGCGGCAACTCTACTG,3422
Vero,rep1,NS3 S412A,input,CTCACAGTCACCGTGACCGCTGCGACCCTACTT,1195
Vero,rep1,NS3 S412A,input,CTAACCGTCACAGTAACCGCAGCTACCCTGCTG,21
Vero,rep1,NS3 S412A,input,CTCACAGTAACCGTGACCGCTGCGACCCTACTT,2
Vero,rep1,NS3 S412A,input,CTCACCGTCACGGTCACCGCGGCAACTCTACTT,1
Vero,rep1,NS3 S412A,input,CTGACCGTAACGGTCACCGCTGCAACTCTACTG,1
Vero,rep1,NS3 S412A,input,CTGACGGTAACGGTCACCGCGGCAACTCTACTG,1
Vero,rep1,NS3 S412A,input,CTCACCGTCACCGTGACCGCTGCGACCCTACTT,1
Vero,rep1,NS3 S412A,input,CTGACCGTAACGGTCACCGCTGCAACCCTACTT,1
Vero,rep1,NS3 S412A,input,CTAACCGTCACAGTAACCGCAGCTACCCTACTG,1
Vero,rep1,NS3 S412A,input,CTGACCGTGACGGTCACCGCGGCAACTCTACTG,1
Vero,rep1,NS3 S412A,input,CTGACCGTAACGGTCACCGCGGCAACGCTACTG,1
Vero,rep1,NS3 S412A,input,CTGACCGTAACGGTCACCGCGGCAACTCTACTT,1
Vero,rep1,NS3 S412A,output,CTCACAGTCACCGTGACCGCTGCGACCCTACTT,4493
Vero,rep1,NS3 S412A,output,CTGACCGTAACGGTCACCGCGGCAACTCTACTG,779
Vero,rep1,NS3 S412A,output,CTCACAGTCACCGTGACCGCTGCGACCCTACTG,3
Vero,rep1,NS3 S412A,output,CTGACAGTCACCGTGACCGCTGCGACCCTACTT,2
Vero,rep1,NS3 S412A,output,CTCACGGTCACCGTGACCGCTGCGACCCTACTT,2
Vero,rep1,NS3 S412A,output,CTGACCGTCACCGTGACCGCTGCGACTCTACTT,1
Vero,rep1,NS3 S412A,output,CTGACCGTAACGGTCACCGCGGCAACTCTACTT,1
Vero,rep1,NS3 S412A,output,CTGACCGTAACGGTCACCGCGGCAACCCTACTG,1
Vero,rep1,NS3 S412A,output,CTGACCGTAACGGTCACCGCTGCGACCCTACTT,1
Vero,rep1,NS3 S412A,output,CTCACAGTAACCGTGACCGCTGCGACCCTACTT,1
Vero,rep1,NS3 S412A,output,CTGACCGTAACGGTCACCGCGGCAACCCTACTT,1
Vero,rep1,NS3 S412A,output,CTGACCGTAACGGTCACCGCGGCGACTCTACTG,1
Vero,rep1,NS3 S412A,output,CTCACAGTCACCGTGACCGCTGCGACTCTACTG,1
Vero,rep1,NS3 S412A,output,CTGACCGTCACGGTCACCGCGGCAACTCTACTG,1
Vero,rep1,NS3 S412A,output,CTGACCGTAACCGTCACCGCGGCAACCCTACTT,1
Vero,rep1,NS3 S412A,output,CTCACCGTCACCGTGACCGCTGCGACCCTACTT,1
Vero,rep1,NS3 S412A,output,CTGACCGTAACGGTCACCGCTGCGACCCTACTG,1
Vero,rep1,NS3 S412A,output,CTGACAGTAACGGTCACCGCGGCAACTCTACTG,1
Vero,rep1,NS3 S412A,output,CTGACCGTAACGGTCACCGCTGCAACTCTACTG,1
Vero,rep1,NS3 S412A,output,CTCACAGTCACCGTGACCGCTGCAACCCTACTT,1
Vero,rep1,NS3 S412A,output,CTCACAGTCACCGTCACCGCTGCGACTCTACTT,1
Vero,rep1,NS3 S412A,output,CTGACCGTAACTGTCACCGCGGCAACTCTACTG,1
Vero,rep1,NS5 F24A,input,CTGACCGTCACTGTAACTGCCGCTACTCTCCTT,3408
Vero,rep1,NS5 F24A,input,CTCACAGTCACCGTGACCGCTGCGACCCTACTT,35
Vero,rep1,NS5 F24A,input,CTAACCGTCACAGTAACCGCAGCTACCCTGCTG,4
Vero,rep1,NS5 F24A,input,CTGACCGTCACTGTAACTGCCGCCACTCTCCTT,1
Vero,rep1,NS5 F24A,input,CTTACAGTTACCGTTACAGCAGCCACACTCCTG,1
Vero,rep1,NS5 F24A,input,CTGACCGTCACTGTGACTGCCGCTACTCTCCTT,1
Vero,rep1,NS5 F24A,input,CTAACCGTCACTGTAACTGCCGCTACCCTCCTT,1
Vero,rep1,NS5 F24A,input,CTGACCGTCACTGTAACTGCCGCTACTCTCCTC,1
Vero,rep1,NS5 F24A,input,CTGACCGTCACCGTAACTGCCGCTACTCTCCTT,1
Vero,rep1,NS5 F24A,input,CTCACCGTTACTGTCACTGCAGCAACCCTACTT,1
Vero,rep1,NS5 F24A,input,CTGACTGTCACTGTAACTGCCGCTACTCTCCTT,1
Vero,rep1,NS5 F24A,output,CTCACAGTCACCGTGACCGCTGCGACCCTACTT,3751
Vero,rep1,NS5 F24A,output,CTGACCGTCACTGTAACTGCCGCTACTCTCCTT,6
Vero,rep1,NS5 F24A,output,CTCACAGTCACTGTGACCGCTGCGACCCTACTT,2
Vero,rep1,NS5 E34A,input,CTGACCGTGACGGTTACTGCGGCTACCCTGCTT,4591
Vero,rep1,NS5 E34A,input,CTCACAGTCACCGTGACCGCTGCGACCCTACTT,1703
Vero,rep1,NS5 E34A,input,CTAACCGTCACAGTAACCGCAGCTACCCTGCTG,20
Vero,rep1,NS5 E34A,input,CTGACCGTGACGGTTACTGCGGCTACCCTACTT,4
Vero,rep1,NS5 E34A,input,CTGACCGTGACGGTTACTGCTGCTACCCTGCTT,3
Vero,rep1,NS5 E34A,input,CTGACCGTTACGGTTACTGCGGCTACCCTGCTT,2
Vero,rep1,NS5 E34A,input,CTGACCGTGACAGTTACTGCGGCTACCCTGCTT,2
Vero,rep1,NS5 E34A,input,CTGACCGTCACGGTTACTGCGGCTACCCTGCTT,1
Vero,rep1,NS5 E34A,input,CTGACCGTGACGGTTACCGCGGCTACCCTGCTT,1
Vero,rep1,NS5 E34A,input,CTGACCGTGACGGTGACCGCGGCGACCCTACTT,1
Vero,rep1,NS5 E34A,input,CTCACAGTCACCGTGACCGCGGCTACCCTGCTT,1
Vero,rep1,NS5 E34A,input,CTGACCGTGACTGTTACTGCGGCTACCCTGCTT,1
Vero,rep1,NS5 E34A,input,CTCACAGTTACCGTGACCGCTGCGACCCTACTT,1
Vero,rep1,NS5 E34A,input,CTGACAGTGACGGTTACTGCGGCTACCCTGCTT,1
Vero,rep1,NS5 E34A,input,CTCACAGTCACCGTGACCGCAGCGACCCTACTT,1
Vero,rep1,NS5 E34A,input,CTCACAGTCACCGTGACCGCTGCGACCCTGCTT,1
Vero,rep1,NS5 E34A,input,CTGACCGTGACGGTCACTGCGGCTACCCTGCTT,1
Vero,rep1,NS5 E34A,input,CTGACCGTGACGGTTACTGCGGCTACCCTGCTC,1
Vero,rep1,NS5 E34A,output,CTCACAGTCACCGTGACCGCTGCGACCCTACTT,3328
Vero,rep1,NS5 E34A,output,CTGACCGTGACGGTTACTGCGGCTACCCTGCTT,202
Vero,rep1,NS5 E34A,output,CTGACCGTGACGGTTACTGCGGCTACCCTACTT,4
Vero,rep1,NS5 E34A,output,CTCACAGTCACCGTTACCGCTGCGACCCTACTT,3
Vero,rep1,NS5 E34A,output,CTCACAGTCACCGTGACCGCTGCTACCCTACTT,3
Vero,rep1,NS5 E34A,output,CTCACCGTCACCGTGACCGCTGCGACCCTACTT,2
Vero,rep1,NS5 E34A,output,CTCACAGTCACCGTGACCGCTGCGACCCTGCTT,2
Vero,rep1,NS5 E34A,output,CTGACCGTTACGGTTACTGCGGCTACCCTGCTT,1
Vero,rep1,NS5 E34A,output,CTGACCGTGACGGTTACTGCGGCTACACTGCTT,1
Vero,rep1,NS5 E34A,output,CTCACAGTCACGGTGACCGCTGCGACCCTACTT,1
Vero,rep1,NS5 E34A,output,CTGACCGTGACCGTTACTGCGGCTACCCTGCTT,1
CT,rep1,NS3 S412A,input,CTGACCGTAACGGTCACCGCGGCAACTCTACTG,14351
CT,rep1,NS3 S412A,input,CTCACAGTCACCGTGACCGCTGCGACCCTACTT,3650
CT,rep1,NS3 S412A,input,CTAACCGTCACAGTAACCGCAGCTACCCTGCTG,12
CT,rep1,NS3 S412A,input,CTGACCGTAACGGTCACCGCGGCAACTCTACTT,7
CT,rep1,NS3 S412A,input,CTGACCGTCACGGTCACCGCGGCAACCCTACTG,6
CT,rep1,NS3 S412A,input,CTGACCGTCACGGTCACCGCGGCAACTCTACTG,6
CT,rep1,NS3 S412A,input,CTGACCGTAACGGTCACCGCGGCAACCCTACTT,5
CT,rep1,NS3 S412A,input,CTGACAGTAACGGTCACCGCGGCAACTCTACTG,4
CT,rep1,NS3 S412A,input,CTCACCGTCACCGTGACCGCTGCGACCCTACTT,4
CT,rep1,NS3 S412A,input,CTCACAGTCACCGTGACCGCTGCGACCCTACTG,3
CT,rep1,NS3 S412A,input,CTGACCGTAACGGTCACCGCGGCAACCCTACTG,3
CT,rep1,NS3 S412A,input,CTCACAGTCACCGTGACCGCTGCGACTCTACTT,3
CT,rep1,NS3 S412A,input,CTGACCGTAACGGTCACCGCTGCAACTCTACTG,2
CT,rep1,NS3 S412A,input,CTGACCGTAACGGTCACCGCGGCGACTCTACTT,2
CT,rep1,NS3 S412A,input,CTCACGGTCACCGTGACCGCTGCGACCCTACTT,1
CT,rep1,NS3 S412A,input,CTCACAGTCACGGTGACCGCTGCGACCCTACTT,1
CT,rep1,NS3 S412A,input,CTCACCGTCACCGTGACCGCGGCGACCCTACTT,1
CT,rep1,NS3 S412A,input,CTCACCGTCACGGTGACCGCGGCAACCCTACTT,1
CT,rep1,NS3 S412A,input,CTCACCGTAACGGTCACCGCGGCAACTCTACTG,1
CT,rep1,NS3 S412A,input,CTCACAGTCACCGTGACTGCTGCGACCCTACTT,1
CT,rep1,NS3 S412A,input,CTAACCGTCACAGTAACCGCAGCTACCCTACTG,1
CT,rep1,NS3 S412A,input,CTCACAGTTACCGTGACCGCTGCGACCCTACTT,1
CT,rep1,NS3 S412A,input,CTAACCGTAACTGTGACGGCTGCAACGCTTCTG,1
CT,rep1,NS3 S412A,input,CTGACCGTAACGGTCACCGCGGCAACTCTGCTG,1
CT,rep1,NS3 S412A,input,CTGACCGTAACGGTCACCGCTGCGACCCTACTT,1
CT,rep1,NS3 S412A,input,CTCACAGTCACCGTCACCGCTGCGACTCTACTT,1
CT,rep1,NS3 S412A,input,CTCACAGTCACCGTGACCGCGGCGACCCTACTT,1
CT,rep1,NS3 S412A,input,CTGACAGTTACCGTTACAGCAGCCACGCTTCTG,1
CT,rep1,NS3 S412A,input,CTCACAGTCACCGTAACCGCTGCGACCCTACTT,1
CT,rep1,NS3 S412A,input,CTCACAGTCACCGTGACCGCTGCGACCCTACTC,1
CT,rep1,NS3 S412A,input,CTCACAGTCACCGTCACCGCGGCAACTCTACTG,1
CT,rep1,NS3 S412A,input,CTGACCGTCACGGTCACCGCGGCAACTCTACTT,1
CT,rep1,NS3 S412A,input,CTGACCGTCACGGTCACCGCTGCAACTCTACTT,1
CT,rep1,NS3 S412A,input,CTCACCGTCACGGTCACCGCGGCAACTCTACTT,1
CT,rep1,NS3 S412A,input,CTGACCGTAACCGTCACCGCGGCAACTCTACTG,1
CT,rep1,NS3 S412A,output,CTGACCGTAACGGTCACCGCGGCAACTCTACTG,7541
CT,rep1,NS3 S412A,output,CTCACAGTCACCGTGACCGCTGCGACCCTACTT,751
CT,rep1,NS3 S412A,output,CTGACCGTAACGGTCACCGCGGCAACTCTACTT,5
CT,rep1,NS3 S412A,output,CTGACAGTAACGGTCACCGCGGCAACTCTACTG,3
CT,rep1,NS3 S412A,output,CTGACCGTAACGGTCACCGCTGCAACTCTACTG,2
CT,rep1,NS3 S412A,output,CTGACCGTAACGGTCACCGCTGCGACCCTACTT,2
CT,rep1,NS3 S412A,output,CTGACCGTCACGGTCACCGCGGCAACTCTACTG,2
CT,rep1,NS3 S412A,output,CTAACCGTCACAGTAACCGCAGCTACCCTGCTG,2
CT,rep1,NS3 S412A,output,CTCACCGTCACCGTGACCGCTGCGACCCTACTT,2
CT,rep1,NS3 S412A,output,CTGACCGTAACGGTCACCGCGGCGACTCTACTG,2
CT,rep1,NS3 S412A,output,CTCACAGTCACCGTGACCGCTGCAACTCTACTG,1
CT,rep1,NS3 S412A,output,CTCACAGTCACCGTGACCGCTGCGACCCTACTC,1
CT,rep1,NS3 S412A,output,CTGACCGTAACGGTCACCGCGGCAACCCTACTG,1
CT,rep1,NS3 S412A,output,CTGACAGTCACGGTCACCGCGGCAACTCTACTG,1
CT,rep1,NS3 S412A,output,CTTACAGTCACCGTGACCGCTGCGACCCTACTT,1
CT,rep1,NS3 S412A,output,CTGACCGTCACGGTCACCGCTGCAACTCTACTT,1
CT,rep1,NS3 S412A,output,CTCACAGTCACCGTGACCGCTGCGACCCTACTG,1
CT,rep1,NS5 F24A,input,CTGACCGTCACTGTAACTGCCGCTACTCTCCTT,19773
CT,rep1,NS5 F24A,input,CTCACAGTCACCGTGACCGCTGCGACCCTACTT,41
CT,rep1,NS5 F24A,input,CTGACCGTCACTGTAACTGCCGCTACCCTCCTT,1
CT,rep1,NS5 F24A,input,CTGACCGTCACTGTAACGGCCGCTACTCTCCTT,1
CT,rep1,NS5 F24A,input,CTGACCGTCACCGTAACTGCCGCTACTCTCCTT,1
CT,rep1,NS5 F24A,input,CTGACCGTCACTGTAACTGCCGCTACTCTTCTT,1
CT,rep1,NS5 F24A,output,CTCACAGTCACCGTGACCGCTGCGACCCTACTT,14180
CT,rep1,NS5 F24A,output,CTGACCGTCACTGTAACTGCCGCTACTCTCCTT,150
CT,rep1,NS5 F24A,output,CTCACAGTCACCGTGACCGCTGCTACCCTACTT,3
CT,rep1,NS5 F24A,output,CTAACCGTCACAGTAACCGCAGCTACCCTGCTG,2
CT,rep1,NS5 F24A,output,CTCACAGTCACCGTGACCGCTGCGACCCTACTC,2
CT,rep1,NS5 F24A,output,CTCACAGTCACCGTGACCGCTGCGACACTACTT,2
CT,rep1,NS5 F24A,output,CTCACAGTCACTGTGACCGCTGCGACCCTACTT,2
CT,rep1,NS5 F24A,output,CTGACCGTCACTGTAACTGCTGCTACTCTCCTT,1
CT,rep1,NS5 F24A,output,CTCACAGTCACCGTGACCGCTGCGACTCTACTT,1
CT,rep1,NS5 F24A,output,CTGACCGTCACTGTAACTGCCGCTACTCTACTT,1
CT,rep1,NS5 F24A,output,CTCACAGTCACCGTGACCGCCGCGACCCTCCTT,1
CT,rep1,NS5 F24A,output,CTCACCGTCACCGTGACCGCTGCGACCCTACTT,1
CT,rep1,NS5 F24A,output,CTCACAGTCACCGTGACTGCTGCGACCCTACTT,1
CT,rep1,NS5 E34A,input,CTGACCGTGACGGTTACTGCGGCTACCCTGCTT,9318
CT,rep1,NS5 E34A,input,CTCACAGTCACCGTGACCGCTGCGACCCTACTT,3139
CT,rep1,NS5 E34A,input,CTAACCGTCACAGTAACCGCAGCTACCCTGCTG,12
CT,rep1,NS5 E34A,input,CTGACCGTGACGGTTACTGCGGCTACCCTACTT,10
CT,rep1,NS5 E34A,input,CTGACCGTGACGGTTACCGCGGCTACCCTGCTT,5
CT,rep1,NS5 E34A,input,CTCACAGTCACCGTGACCGCTGCGACCCTGCTT,4
CT,rep1,NS5 E34A,input,CTCACCGTCACCGTGACCGCTGCGACCCTACTT,4
CT,rep1,NS5 E34A,input,CTGACCGTGACGGTTACTGCGGCGACCCTACTT,2
CT,rep1,NS5 E34A,input,CTGACCGTGACGGTTACTGCGGCCACCCTGCTT,2
CT,rep1,NS5 E34A,input,CTGACAGTGACGGTTACTGCGGCTACCCTGCTT,2
CT,rep1,NS5 E34A,input,CTCACAGTCACCGTTACCGCTGCGACCCTACTT,2
CT,rep1,NS5 E34A,input,CTCACAGTCACCGTGACCGCGGCTACCCTGCTT,2
CT,rep1,NS5 E34A,input,CTGACCGTGACGGTTACTGCGGCTACCCTGCTC,2
CT,rep1,NS5 E34A,input,CTCACAGTCACCGTGACCGCTGCTACCCTGCTT,2
CT,rep1,NS5 E34A,input,CTCACAGTCACCGTGACTGCTGCTACCCTGCTT,2
CT,rep1,NS5 E34A,input,CTGACCGTGACCGTTACTGCGGCTACCCTGCTT,2
CT,rep1,NS5 E34A,input,CTGACTGTGACGGTTACTGCGGCTACCCTGCTT,1
CT,rep1,NS5 E34A,input,CTGACCGTGACTGTTACTGCGGCTACCCTGCTT,1
CT,rep1,NS5 E34A,input,CTGACTGTTACTGTCACGGCTGCCACTCTCCTT,1
CT,rep1,NS5 E34A,input,CTCACCGTGACGGTTACTGCTGCTACCCTGCTT,1
CT,rep1,NS5 E34A,input,CTGACCGTGACAGTTACTGCGGCTACCCTGCTT,1
CT,rep1,NS5 E34A,input,CTCACAGTCACTGTGACCGCTGCGACCCTACTT,1
CT,rep1,NS5 E34A,input,CTGACCGTCACGGTTACCGCGGCTACCCTGCTT,1
CT,rep1,NS5 E34A,output,CTCACAGTCACCGTGACCGCTGCGACCCTACTT,7222
CT,rep1,NS5 E34A,output,CTGACCGTGACGGTTACTGCGGCTACCCTGCTT,1797
CT,rep1,NS5 E34A,output,CTGACCGTGACGGTTACTGCGGCTACCCTACTT,17
CT,rep1,NS5 E34A,output,CTCACAGTCACCGTGACCGCTGCGACCCTGCTT,6
CT,rep1,NS5 E34A,output,CTCACCGTCACCGTGACCGCTGCGACCCTACTT,5
CT,rep1,NS5 E34A,output,CTCACAGTCACCGTGACCGCTGCTACCCTACTT,5
CT,rep1,NS5 E34A,output,CTCACAGTCACCGTTACCGCTGCGACCCTACTT,3
CT,rep1,NS5 E34A,output,CTGACCGTGACGGTTACCGCGGCTACCCTGCTT,2
CT,rep1,NS5 E34A,output,CTGACCGTGACGGTTACTGCTGCTACCCTGCTT,2
CT,rep1,NS5 E34A,output,CTAACCGTCACAGTAACCGCAGCTACCCTGCTG,2
CT,rep1,NS5 E34A,output,CTCACAGTCACCGTGACCGCCGCGACCCTACTT,1
CT,rep1,NS5 E34A,output,CTCACAGTCACGGTGACCGCTGCTACCCTACTT,1
CT,rep1,NS5 E34A,output,CTGACCGTCACGGTTACTGCGGCTACCCTGCTT,1
CT,rep1,NS5 E34A,output,CTCACAGTCACCGTGACCGCGGCGACCCTACTT,1
CT,rep1,NS5 E34A,output,CTCACAGTCACCGTGACCGCTGCGACACTACTT,1
CT,rep1,NS5 E34A,output,CTGACCGTGACCGTTACCGCTGCGACCCTACTT,1
CT,rep1,NS5 E34A,output,CTAACCGTCACAGTAACCGCAGCTACCCTGCTT,1
CT,rep1,NS5 E34A,output,CTCACAGTCACCGTGACCGCGGCTACCCTGCTT,1
CT,rep1,NS5 E34A,output,CTGACTGTGACTGTAACTGCTGCTACCCTTCTT,1
CT,rep1,NS5 E34A,output,CTGACCGTGACGGTAACTGCGGCTACCCTGCTT,1
CT,rep1,NS5 E34A,output,CTCACAGTCACGGTGACCGCTGCGACCCTACTT,1
CT,rep1,NS5 E34A,output,CTGACAGTGACGGTTACTGCGGCTACCCTGCTT,1
CT,rep1,NS5 E34A,output,CTGACAGTCACCGTGACCGCTGCGACCCTACTT,1
CT,rep1,NS5 E34A,output,CTCACAGTCACCGTGACTGCTGCTACCCTGCTT,1
CT,rep1,NS5 E34A,output,CTGACCGTGACGGTTACTGCGGCTACCCTGCTC,1
Vero,rep2,NS3 S412A,input,CTGACCGTAACGGTCACCGCGGCAACTCTACTG,6498
Vero,rep2,NS3 S412A,input,CTCACAGTCACCGTGACCGCTGCGACCCTACTT,2488
Vero,rep2,NS3 S412A,input,CTAACCGTCACAGTAACCGCAGCTACCCTGCTG,10
Vero,rep2,NS3 S412A,input,CTGACCGTAACGGTCACCGCGGCAACTCTACTT,4
Vero,rep2,NS3 S412A,input,CTAACCGTCACAGTAACCGCAGCTACCCTACTG,2
Vero,rep2,NS3 S412A,input,CTGACCGTAACGGTCACCGCAGCAACTCTACTG,2
Vero,rep2,NS3 S412A,input,CTGACCGTAACGGTCACCGCGGCGACTCTACTT,1
Vero,rep2,NS3 S412A,input,CTGACAGTTACCGTTACAGCAGCCACGCTTCTG,1
Vero,rep2,NS3 S412A,input,CTGACTGTAACGGTCACCGCGGCAACTCTACTG,1
Vero,rep2,NS3 S412A,input,CTGACAGTAACGGTCACCGCGGCAACTCTACTG,1
Vero,rep2,NS3 S412A,input,CTGACCGTAACGGTCACCGCGGCAACCCTACTG,1
Vero,rep2,NS3 S412A,input,CTCACCGTCACCGTGACCGCTGCGACCCTACTT,1
Vero,rep2,NS3 S412A,input,CTCACAGTCACCGTGACCGCTGCGACCCTACTC,1
Vero,rep2,NS3 S412A,input,CTTACAGTTACGGTCACTGCAGCCACGCTTCTC,1
Vero,rep2,NS3 S412A,output,CTCACAGTCACCGTGACCGCTGCGACCCTACTT,7791
Vero,rep2,NS3 S412A,output,CTGACCGTAACGGTCACCGCGGCAACTCTACTG,1392
Vero,rep2,NS3 S412A,output,CTGACCGTAACGGTCACCGCGGCAACTCTACTT,10
Vero,rep2,NS3 S412A,output,CTCACCGTCACCGTGACCGCTGCGACCCTACTT,7
Vero,rep2,NS3 S412A,output,CTCACAGTCACCGTGACCGCTGCGACCCTACTG,7
Vero,rep2,NS3 S412A,output,CTGACCGTCACGGTCACCGCGGCAACTCTACTG,7
Vero,rep2,NS3 S412A,output,CTGACCGTAACGGTCACCGCGGCAACCCTACTT,3
Vero,rep2,NS3 S412A,output,CTGACAGTCACCGTGACCGCTGCGACCCTACTT,3
Vero,rep2,NS3 S412A,output,CTGACAGTAACGGTCACCGCGGCAACTCTACTG,3
Vero,rep2,NS3 S412A,output,CTCACAGTCACCGTGACCGCTGCGACTCTACTT,2
Vero,rep2,NS3 S412A,output,CTCACAGTCACCGTGACCGCTGCAACCCTACTT,2
Vero,rep2,NS3 S412A,output,CTCACAGTCACGGTGACCGCTGCGACCCTACTT,2
Vero,rep2,NS3 S412A,output,CTCACAGTCACCGTTACCGCTGCGACCCTACTT,1
Vero,rep2,NS3 S412A,output,CTCACCGTCACCGTGACCGCTGCAACCCTACTT,1
Vero,rep2,NS3 S412A,output,CTCACAGTCACCGTGACCGCTGCTACCCTACTT,1
Vero,rep2,NS3 S412A,output,CTCACAGTCACCGTGACCGCGGCGACCCTACTT,1
Vero,rep2,NS3 S412A,output,CTCACGGTCACCGTGACCGCTGCGACCCTACTT,1
Vero,rep2,NS3 S412A,output,CTGACCGTAACGGTCACCGCGGCGACTCTACTT,1
Vero,rep2,NS3 S412A,output,CTCACAGTAACCGTGACCGCTGCGACCCTACTT,1
Vero,rep2,NS3 S412A,output,CTGACCGTCACGGTGACCGCGGCAACTCTACTG,1
Vero,rep2,NS3 S412A,output,CTGACCGTCACGGTCACCGCGGCAACTCTACTT,1
Vero,rep2,NS3 S412A,output,CTGACCGTAACGGTCACAGCGGCAACTCTACTG,1
Vero,rep2,NS3 S412A,output,CTGACCGTAACGGTCACCGCGGCGACCCTACTT,1
Vero,rep2,NS3 S412A,output,CTCACCGTCACGGTCACCGCGGCAACTCTACTT,1
Vero,rep2,NS5 F24A,input,CTGACCGTCACTGTAACTGCCGCTACTCTCCTT,11700
Vero,rep2,NS5 F24A,input,CTCACAGTCACCGTGACCGCTGCGACCCTACTT,99
Vero,rep2,NS5 F24A,input,CTAACCGTCACAGTAACCGCAGCTACCCTGCTG,7
Vero,rep2,NS5 F24A,input,CTGACCGTCACTGTAACTGCAGCTACTCTCCTT,2
Vero,rep2,NS5 F24A,input,CTGACCGTCACTGTAACCGCCGCTACTCTCCTT,1
Vero,rep2,NS5 F24A,input,CTGACAGTCACTGTAACTGCCGCTACTCTCCTT,1
Vero,rep2,NS5 F24A,input,CTGACTGTCACTGTAACTGCCGCTACTCTCCTT,1
Vero,rep2,NS5 F24A,input,CTCACCGTCACCGTGACCGCTGCGACCCTACTT,1
Vero,rep2,NS5 F24A,input,CTGACCGTCACTGTAACTGCGGCTACTCTCCTT,1
Vero,rep2,NS5 F24A,input,CTGACCGTCACTGTGACTGCCGCTACTCTCCTT,1
Vero,rep2,NS5 F24A,output,CTCACAGTCACCGTGACCGCTGCGACCCTACTT,1851
Vero,rep2,NS5 F24A,output,CTGACCGTCACTGTAACTGCCGCTACTCTCCTT,21
Vero,rep2,NS5 F24A,output,CTTACAGTCACCGTGACCGCTGCGACCCTACTT,1
Vero,rep2,NS5 F24A,output,CTCACAGTCACCGTGACCGCTGCGACCCTACTA,1
Vero,rep2,NS5 E34A,input,CTGACCGTGACGGTTACTGCGGCTACCCTGCTT,6459
Vero,rep2,NS5 E34A,input,CTCACAGTCACCGTGACCGCTGCGACCCTACTT,2487
Vero,rep2,NS5 E34A,input,CTAACCGTCACAGTAACCGCAGCTACCCTGCTG,13
Vero,rep2,NS5 E34A,input,CTGACTGTGACGGTTACTGCGGCTACCCTGCTT,3
Vero,rep2,NS5 E34A,input,CTGACAGTGACGGTTACTGCGGCTACCCTGCTT,2
Vero,rep2,NS5 E34A,input,CTGACCGTGACGGTTACTGCGGCTACCCTACTT,2
Vero,rep2,NS5 E34A,input,CTCACCGTCACCGTGACCGCTGCGACCCTACTT,2
Vero,rep2,NS5 E34A,input,CTAACCGTCACAGTAACCGCAGCTACCCTGCTT,1
Vero,rep2,NS5 E34A,input,CTCACAGTCACCGTTACCGCTGCGACCCTACTT,1
Vero,rep2,NS5 E34A,input,CTGACCGTGACGGTTACCGCGGCTACCCTGCTT,1
Vero,rep2,NS5 E34A,input,CTCACAGTCACCGTGACCGCCGCGACCCTACTT,1
Vero,rep2,NS5 E34A,input,CTGACCGTGACGGTTACTGCTGCTACCCTGCTT,1
Vero,rep2,NS5 E34A,input,CTGACAGTTACCGTTACAGCAGCCACGCTTCTG,1
Vero,rep2,NS5 E34A,input,CTGACCGTGACAGTTACTGCGGCTACCCTGCTT,1
Vero,rep2,NS5 E34A,input,CTGACTGTTACAGTAACTGCTGCTACACTACTG,1
Vero,rep2,NS5 E34A,input,CTGACAGTCACCGTGACCGCTGCGACCCTACTT,1
Vero,rep2,NS5 E34A,output,CTCACAGTCACCGTGACCGCTGCGACCCTACTT,8449
Vero,rep2,NS5 E34A,output,CTGACCGTGACGGTTACTGCGGCTACCCTGCTT,1807
Vero,rep2,NS5 E34A,output,CTGACCGTGACGGTTACTGCGGCTACCCTACTT,24
Vero,rep2,NS5 E34A,output,CTCACCGTCACCGTGACCGCTGCGACCCTACTT,9
Vero,rep2,NS5 E34A,output,CTCACAGTCACCGTGACCGCTGCGACCCTGCTT,8
Vero,rep2,NS5 E34A,output,CTCACAGTCACCGTGACCGCTGCTACCCTACTT,6
Vero,rep2,NS5 E34A,output,CTCACAGTCACCGTTACCGCTGCGACCCTACTT,5
Vero,rep2,NS5 E34A,output,CTCACAGTCACCGTGACTGCTGCGACCCTACTT,3
Vero,rep2,NS5 E34A,output,CTGACCGTGACGGTTACCGCGGCTACCCTGCTT,2
Vero,rep2,NS5 E34A,output,CTCACAGTCACCGTAACGGCGGCAACCCTCCTT,1
Vero,rep2,NS5 E34A,output,CTGACCGTGACGGTTACTGCTGCTACCCTGCTT,1
Vero,rep2,NS5 E34A,output,CTCACAGTCACCGTGACCGCGGCTACCCTGCTT,1
Vero,rep2,NS5 E34A,output,CTCACGGTCACCGTGACCGCTGCGACCCTACTT,1
Vero,rep2,NS5 E34A,output,CTGACCGTGACGGTTACTGCGGCGACCCTGCTT,1
Vero,rep2,NS5 E34A,output,CTCACCGTGACGGTTACTGCGGCTACCCTGCTT,1
Vero,rep2,NS5 E34A,output,CTGACAGTCACCGTGACCGCTGCGACCCTACTT,1
Vero,rep2,NS5 E34A,output,CTCACAGTCACCGTGACCGCTGCGACCCTACTC,1
CT,rep2,NS3 S412A,input,CTGACCGTAACGGTCACCGCGGCAACTCTACTG,14930
CT,rep2,NS3 S412A,input,CTCACAGTCACCGTGACCGCTGCGACCCTACTT,2913
CT,rep2,NS3 S412A,input,CTAACCGTCACAGTAACCGCAGCTACCCTGCTG,13
CT,rep2,NS3 S412A,input,CTGACCGTCACGGTCACCGCGGCAACTCTACTG,9
CT,rep2,NS3 S412A,input,CTGACCGTAACGGTCACCGCGGCAACTCTACTT,8
CT,rep2,NS3 S412A,input,CTGACCGTAACGGTCACCGCGGCAACCCTACTG,5
CT,rep2,NS3 S412A,input,CTGACCGTAACGGTCACCGCGGCGACTCTACTT,3
CT,rep2,NS3 S412A,input,CTGACCGTCACGGTCACCGCGGCAACCCTACTG,2
CT,rep2,NS3 S412A,input,CTCACAGTCACCGTGACCGCGGCGACCCTACTT,2
CT,rep2,NS3 S412A,input,CTGACCGTAACGGTCACCGCTGCAACTCTACTG,2
CT,rep2,NS3 S412A,input,CTGACCGTGACGGTCACCGCGGCAACTCTACTG,2
CT,rep2,NS3 S412A,input,CTCACAGTCACCGTGACCGCTGCGACCCTACTG,1
CT,rep2,NS3 S412A,input,CTGACCGTAACGGTCACCGCAGCAACTCTACTG,1
CT,rep2,NS3 S412A,input,CTGACCGTCACGGTCACCGCTGCAACCCTACTG,1
CT,rep2,NS3 S412A,input,CTCACAGTCACGGTGACCGCTGCGACTCTACTT,1
CT,rep2,NS3 S412A,input,CTGACCGTAACGGTCACCGCGGCAACCCTACTT,1
CT,rep2,NS3 S412A,input,CTGACCGTAACCGTCACCGCGGCAACCCTACTT,1
CT,rep2,NS3 S412A,input,CTGACCGTAACGGTCACAGCGGCAACTCTACTG,1
CT,rep2,NS3 S412A,input,CTCACAGTCACCGTGACCGCTGCAACCCTACTT,1
CT,rep2,NS3 S412A,input,CTAACGGTAACGGTAACCGCGGCAACCCTACTT,1
CT,rep2,NS3 S412A,input,CTCACCGTCACCGTGACCGCTGCGACCCTACTG,1
CT,rep2,NS3 S412A,input,CTTACAGTCACCGTGACCGCTGCGACCCTACTT,1
CT,rep2,NS3 S412A,input,CTGACCGTAACGGTCACCGCGGCGACTCTACTG,1
CT,rep2,NS3 S412A,input,CTCACCGTCACCGTGACCGCTGCGACCCTACTT,1
CT,rep2,NS3 S412A,input,CTGACCGTAACGGTCACTGCGGCAACTCTACTG,1
CT,rep2,NS3 S412A,input,CTGACCGTAACCGTCACCGCGGCAACTCTACTG,1
CT,rep2,NS3 S412A,input,CTGACCGTCACGGTCACCGCTGCAACTCTACTG,1
CT,rep2,NS3 S412A,input,CTGACAGTAACGGTCACCGCGGCAACTCTACTG,1
CT,rep2,NS3 S412A,input,CTGACAGTCACCGTGACCGCTGCGACCCTACTT,1
CT,rep2,NS3 S412A,input,CTCACAGTCACGGTGACCGCTGCGACCCTACTT,1
CT,rep2,NS3 S412A,input,CTGACCGTAACGGTGACCGCGGCAACTCTACTG,1
CT,rep2,NS3 S412A,input,CTGACCGTAACGGTCACCGCTGCGACCCTACTT,1
CT,rep2,NS3 S412A,output,CTGACCGTAACGGTCACCGCGGCAACTCTACTG,12345
CT,rep2,NS3 S412A,output,CTCACAGTCACCGTGACCGCTGCGACCCTACTT,1173
CT,rep2,NS3 S412A,output,CTGACCGTCACGGTCACCGCGGCAACTCTACTG,8
CT,rep2,NS3 S412A,output,CTGACCGTAACGGTCACCGCGGCAACTCTACTT,8
CT,rep2,NS3 S412A,output,CTCACCGTCACCGTGACCGCTGCGACCCTACTT,4
CT,rep2,NS3 S412A,output,CTGACCGTAACGGTCACCGCGGCAACCCTACTT,2
CT,rep2,NS3 S412A,output,CTGACCGTCACGGTCACCGCGGCAACCCTACTG,1
CT,rep2,NS3 S412A,output,CTGACAGTCACCGTGACCGCTGCGACCCTACTT,1
CT,rep2,NS3 S412A,output,CTCACAGTCACCGTGACCGCGGCAACTCTACTG,1
CT,rep2,NS3 S412A,output,CTGACCGTAACGGTCACCGCAGCAACTCTACTG,1
CT,rep2,NS3 S412A,output,CTCACAGTCACCGTGACCGCTGCGACTCTACTT,1
CT,rep2,NS3 S412A,output,CTCACAGTCACCGTGACCGCTGCAACTCTACTG,1
CT,rep2,NS3 S412A,output,CTGACCGTAACGGTCACCGCGGCAACCCTACTG,1
CT,rep2,NS3 S412A,output,CTAACCGTCACAGTAACCGCAGCTACCCTGCTG,1
CT,rep2,NS3 S412A,output,CTGACAGTCACGGTCACCGCGGCAACTCTACTG,1
CT,rep2,NS3 S412A,output,CTCACAGTAACCGTGACCGCTGCGACCCTACTT,1
CT,rep2,NS3 S412A,output,CTGACAGTAACGGTCACCGCGGCAACTCTACTG,1
CT,rep2,NS3 S412A,output,CTGACCGTAACCGTCACCGCGGCAACTCTACTG,1
CT,rep2,NS3 S412A,output,CTGACCGTAACGGTCACCGCTGCAACTCTACTG,1
CT,rep2,NS3 S412A,output,CTCACAGTCACCGTGACCGCTGCGACCCTACTG,1
CT,rep2,NS3 S412A,output,CTGACCGTAACGGTCACCGCTGCGACCCTACTT,1
CT,rep2,NS3 S412A,output,CTCACTGTCACCGTGACCGCTGCGACCCTACTT,1
CT,rep2,NS3 S412A,output,CTCACAGTCACCGTCACCGCTGCGACCCTACTT,1
CT,rep2,NS3 S412A,output,CTCACAGTCACCGTGACCGCGGCAACTCTACTT,1
CT,rep2,NS3 S412A,output,CTCACCGTCACCGTGACCGCTGCGACCCTACTG,1
CT,rep2,NS5 F24A,input,CTGACCGTCACTGTAACTGCCGCTACTCTCCTT,46506
CT,rep2,NS5 F24A,input,CTCACAGTCACCGTGACCGCTGCGACCCTACTT,16
CT,rep2,NS5 F24A,input,CTGACCGTCACTGTAACTGCCGCTACCCTCCTT,1
CT,rep2,NS5 F24A,input,CTCACAGTCACCGTGACCGCTGCGACTCTACTT,1
CT,rep2,NS5 F24A,input,CTCACAGTCACCGTGACCGCTGCGACCCTCCTT,1
CT,rep2,NS5 F24A,input,CTAACCGTCACAGTAACCGCAGCTACCCTGCTG,1
CT,rep2,NS5 F24A,output,CTCACAGTCACCGTGACCGCTGCGACCCTACTT,41776
CT,rep2,NS5 F24A,output,CTGACCGTCACTGTAACTGCCGCTACTCTCCTT,172
CT,rep2,NS5 F24A,output,CTAACCGTCACAGTAACCGCAGCTACCCTGCTG,2
CT,rep2,NS5 F24A,output,CTCACAGTCACCGTGACCGCTGCGACCCTACTC,2
CT,rep2,NS5 F24A,output,CTGACCGTCACTGTAACTGCCGCTACCCTCCTT,1
CT,rep2,NS5 F24A,output,CTCACAGTCACCGTGACCGCTGCGACCCTCCTT,1
CT,rep2,NS5 F24A,output,CTCACGGTCACCGTGACCGCTGCGACCCTACTT,1
CT,rep2,NS5 F24A,output,CTCACAGTCACCGTGACTGCTGCGACCCTACTT,1
CT,rep2,NS5 F24A,output,CTCACAGTCACTGTAACTGCCGCTACTCTCCTT,1
CT,rep2,NS5 F24A,output,CTGACCGTCACCGTAACTGCCGCTACTCTCCTT,1
CT,rep2,NS5 F24A,output,CTCACAGTCACCGTGACCGCTGCAACCCTACTT,1
CT,rep2,NS5 E34A,input,CTGACCGTGACGGTTACTGCGGCTACCCTGCTT,10318
CT,rep2,NS5 E34A,input,CTCACAGTCACCGTGACCGCTGCGACCCTACTT,2805
CT,rep2,NS5 E34A,input,CTGACCGTGACGGTTACTGCGGCTACCCTACTT,12
CT,rep2,NS5 E34A,input,CTAACCGTCACAGTAACCGCAGCTACCCTGCTG,4
CT,rep2,NS5 E34A,input,CTGACCGTGACGGTTACTGCGGCCACCCTGCTT,2
CT,rep2,NS5 E34A,input,CTGACCGTGACGGTTACCGCGGCTACCCTGCTT,2
CT,rep2,NS5 E34A,input,CTCACAGTCACGGTGACCGCTGCGACCCTACTT,2
CT,rep2,NS5 E34A,input,CTCACAGTCACCGTGACTGCTGCGACCCTACTT,1
CT,rep2,NS5 E34A,input,CTGACCGTCACCGTGACCGCTGCGACCCTACTT,1
CT,rep2,NS5 E34A,input,CTCACAGTCACCGTGACCGCGGCGACCCTACTT,1
CT,rep2,NS5 E34A,input,CTGACAGTGACGGTTACTGCGGCTACCCTGCTT,1
CT,rep2,NS5 E34A,input,CTCACTGTCACCGTGACCGCTGCGACCCTACTT,1
CT,rep2,NS5 E34A,input,CTGACCGTGACCGTTACTGCGGCTACCCTGCTT,1
CT,rep2,NS5 E34A,input,CTCACAGTCACCGTGACCGCTGCAACCCTACTT,1
CT,rep2,NS5 E34A,input,CTAACGGTAACGGTAACGGCGGCAACCCTCCTT,1
CT,rep2,NS5 E34A,input,CTGACTGTGACGGTTACTGCGGCTACCCTGCTT,1
CT,rep2,NS5 E34A,input,CTGACCGTCACGGTGACCGCTGCTACCCTACTT,1
CT,rep2,NS5 E34A,input,CTGACCGTGACCGTTACCGCTGCGACCCTACTT,1
CT,rep2,NS5 E34A,input,CTCACAGTCACCGTTACCGCTGCGACCCTACTT,1
CT,rep2,NS5 E34A,input,CTGACCGTGACGGTCACTGCGGCTACCCTGCTT,1
CT,rep2,NS5 E34A,input,CTCACAGTCACCGTGACCGCTGCGACCCTGCTT,1
CT,rep2,NS5 E34A,input,CTGACCGTCACGGTTACTGCGGCTACCCTGCTT,1
CT,rep2,NS5 E34A,input,CTCACCGTTACTGTCACTGCAGCAACCCTACTT,1
CT,rep2,NS5 E34A,output,CTCACAGTCACCGTGACCGCTGCGACCCTACTT,8203
CT,rep2,NS5 E34A,output,CTGACCGTGACGGTTACTGCGGCTACCCTGCTT,3152
CT,rep2,NS5 E34A,output,CTGACCGTGACGGTTACTGCGGCTACCCTACTT,25
CT,rep2,NS5 E34A,output,CTCACAGTCACCGTGACCGCTGCTACCCTACTT,7
CT,rep2,NS5 E34A,output,CTCACAGTCACCGTGACCGCTGCGACCCTGCTT,6
CT,rep2,NS5 E34A,output,CTCACCGTCACCGTGACCGCTGCGACCCTACTT,5
CT,rep2,NS5 E34A,output,CTGACCGTGACGGTTACCGCGGCTACCCTGCTT,5
CT,rep2,NS5 E34A,output,CTCACAGTCACCGTTACCGCTGCGACCCTACTT,3
CT,rep2,NS5 E34A,output,CTGACCGTGACGGTTACTGCTGCTACCCTGCTT,3
CT,rep2,NS5 E34A,output,CTAACCGTCACAGTAACCGCAGCTACCCTGCTG,2
CT,rep2,NS5 E34A,output,CTCACAGTCACGGTGACCGCTGCGACCCTACTT,2
CT,rep2,NS5 E34A,output,CTGACCGTGACGGTTACTGCTGCGACCCTACTT,1
CT,rep2,NS5 E34A,output,CTGACAGTCACCGTTACCGCTGCGACCCTACTT,1
CT,rep2,NS5 E34A,output,CTAACCGTCACAGTAACCGCAGCTACCCTGCTT,1
CT,rep2,NS5 E34A,output,CTCACAGTCACCGTGACCGCGGCGACCCTACTT,1
CT,rep2,NS5 E34A,output,CTGACAGTGACGGTTACTGCGGCTACCCTGCTT,1
CT,rep2,NS5 E34A,output,CTGACCGTGACGGTTACTGCGGCGACCCTACTT,1
CT,rep2,NS5 E34A,output,CTCACAGTCACCGTGACTGCTGCGACCCTACTT,1
CT,rep2,NS5 E34A,output,CTCACAGTCACCGTGACCGCGGCTACCCTGCTT,1
CT,rep2,NS5 E34A,output,CTGACCGTCACGGTGACCGCGGCGACCCTACTT,1
CT,rep2,NS5 E34A,output,CTGACCGTGACGGTTACTGCGGCGACCCTGCTT,1
CT,rep2,NS5 E34A,output,CTTACCGTGACGGTTACTGCGGCTACCCTGCTT,1
CT,rep2,NS5 E34A,output,CTCACAGTCACGGTGACCGCGGCGACCCTACTT,1
CT,rep2,NS5 E34A,output,CTCACCGTCACCGTGACCGCTGCTACCCTGCTT,1
CT,rep2,NS5 E34A,output,CTGACCGTCACGGTTACCGCGGCTACCCTGCTT,1
Vero,rep3,NS3 S412A,input,CTGACCGTAACGGTCACCGCGGCAACTCTACTG,3347
Vero,rep3,NS3 S412A,input,CTCACAGTCACCGTGACCGCTGCGACCCTACTT,1408
Vero,rep3,NS3 S412A,input,CTAACCGTCACAGTAACCGCAGCTACCCTGCTG,20
Vero,rep3,NS3 S412A,input,CTGACCGTAACGGTCACCGCGGCAACTCTACTT,5
Vero,rep3,NS3 S412A,input,CTGACCGTAACGGTCACCGCTGCAACTCTACTG,1
Vero,rep3,NS3 S412A,input,CTGACCGTAACGGTCACCGCGGCAACTCTACTC,1
Vero,rep3,NS3 S412A,input,CTTACAGTTACCGTTACAGCAGCCACACTCCTG,1
Vero,rep3,NS3 S412A,input,CTGACCGTCACGGTCACCGCGGCAACTCTACTG,1
Vero,rep3,NS3 S412A,input,CTGACCGTAACGGTTACCGCGGCAACTCTACTG,1
Vero,rep3,NS3 S412A,input,CTGACAGTTACCGTTACAGCAGCCACGCTTCTG,1
Vero,rep3,NS3 S412A,input,CTTACAGTCACCGTGACCGCTGCGACCCTACTT,1
Vero,rep3,NS3 S412A,input,CTCACAGTCACTGTGACCGCTGCGACCCTACTT,1
Vero,rep3,NS3 S412A,input,CTCACCGTTACTGTCACTGCAGCAACCCTACTT,1
Vero,rep3,NS3 S412A,input,CTCACCGTCACCGTGACCGCTGCGACCCTACTT,1
Vero,rep3,NS3 S412A,input,CTGACCGTAACGGTCACCGCGGCGACTCTACTG,1
Vero,rep3,NS3 S412A,input,CTGACAGTAACGGTCACCGCGGCAACTCTACTG,1
Vero,rep3,NS3 S412A,input,CTCACAGTCACCGTGACCGCTGCGACCCTACTG,1
Vero,rep3,NS3 S412A,input,CTCACTGTCACGGTCACCGCAGCCACACTGCTC,1
Vero,rep3,NS3 S412A,output,CTCACAGTCACCGTGACCGCTGCGACCCTACTT,6355
Vero,rep3,NS3 S412A,output,CTGACCGTAACGGTCACCGCGGCAACTCTACTG,756
Vero,rep3,NS3 S412A,output,CTGACCGTAACGGTCACCGCGGCAACTCTACTT,5
Vero,rep3,NS3 S412A,output,CTCACCGTCACCGTGACCGCTGCGACCCTACTT,5
Vero,rep3,NS3 S412A,output,CTCACAGTCACCGTGACCGCTGCGACCCTACTG,4
Vero,rep3,NS3 S412A,output,CTGACCGTCACGGTCACCGCGGCAACTCTACTG,4
Vero,rep3,NS3 S412A,output,CTCACAGTCACCGTGACCGCTGCAACCCTACTT,3
Vero,rep3,NS3 S412A,output,CTGACCGTAACGGTCACCGCTGCAACTCTACTG,2
Vero,rep3,NS3 S412A,output,CTCACAGTAACGGTGACCGCGGCAACCCTACTT,2
Vero,rep3,NS3 S412A,output,CTCACAGTAACCGTGACCGCTGCGACCCTACTT,2
Vero,rep3,NS3 S412A,output,CTCACAGTCACCGTGACCGCGGCAACTCTACTG,1
Vero,rep3,NS3 S412A,output,CTCACAGTCACCGTGACCGCTGCGACTCTACTG,1
Vero,rep3,NS3 S412A,output,CTCACAGTCACCGTGACCGCGGCAACTCTACTT,1
Vero,rep3,NS3 S412A,output,CTGACAGTAACGGTGACCGCTGCAACCCTACTT,1
Vero,rep3,NS3 S412A,output,CTGACCGTAACGGTCACCGCGGCAACCCTACTG,1
Vero,rep3,NS5 F24A,input,CTGACCGTCACTGTAACTGCCGCTACTCTCCTT,9786
Vero,rep3,NS5 F24A,input,CTCACAGTCACCGTGACCGCTGCGACCCTACTT,203
Vero,rep3,NS5 F24A,input,CTAACCGTCACAGTAACCGCAGCTACCCTGCTG,9
Vero,rep3,NS5 F24A,input,CTGACCGTCACTGTAACCGCCGCTACTCTCCTT,3
Vero,rep3,NS5 F24A,input,CTGACTGTCACTGTAACTGCCGCTACTCTCCTT,3
Vero,rep3,NS5 F24A,input,CTGACCGTCACTGTGACTGCCGCTACTCTCCTT,2
Vero,rep3,NS5 F24A,input,CTGACCGTCACGGTAACTGCCGCTACTCTCCTT,2
Vero,rep3,NS5 F24A,input,CTGACCGTCACTGTAACTGCCGCCACTCTCCTT,1
Vero,rep3,NS5 F24A,input,CTCACCGTCACTGTAACCGCCGCTACTCTCCTT,1
Vero,rep3,NS5 F24A,input,CTCACCGTTACTGTCACTGCAGCAACCCTACTT,1
Vero,rep3,NS5 F24A,input,CTGACCGTCACTGTAACTGCCGCTACTCTCCTC,1
Vero,rep3,NS5 F24A,input,CTGACGGTAACAGTGACAGCAGCAACCCTACTT,1
Vero,rep3,NS5 F24A,input,CTGACCGTCACTGTAACTGCCGCTACCCTCCTT,1
Vero,rep3,NS5 F24A,input,CTGACCGTCACTGTAACTGCTGCTACTCTCCTT,1
Vero,rep3,NS5 F24A,output,CTCACAGTCACCGTGACCGCTGCGACCCTACTT,13667
Vero,rep3,NS5 F24A,output,CTGACCGTCACTGTAACTGCCGCTACTCTCCTT,3
Vero,rep3,NS5 F24A,output,CTCACAGTCACTGTGACCGCTGCGACCCTACTT,1
Vero,rep3,NS5 E34A,input,CTGACCGTGACGGTTACTGCGGCTACCCTGCTT,4829
Vero,rep3,NS5 E34A,input,CTCACAGTCACCGTGACCGCTGCGACCCTACTT,1970
Vero,rep3,NS5 E34A,input,CTAACCGTCACAGTAACCGCAGCTACCCTGCTG,24
Vero,rep3,NS5 E34A,input,CTGACCGTGACGGTTACTGCGGCTACCCTACTT,4
Vero,rep3,NS5 E34A,input,CTGACCGTGACGGTTACTGCGGCTACCCTGCTC,2
Vero,rep3,NS5 E34A,input,CTGACCGTGACGGTCACTGCGGCTACCCTGCTT,2
Vero,rep3,NS5 E34A,input,CTAACGGTAACGGTAACGGCGGCAACCCTCCTT,2
Vero,rep3,NS5 E34A,input,CTCACAGTCACCGTGACCGCTGCGACCCTGCTT,1
Vero,rep3,NS5 E34A,input,CTCACAGTCACCGTGACTGCTGCGACCCTACTT,1
Vero,rep3,NS5 E34A,input,CTCACAGTCACCGTTACCGCTGCGACCCTACTT,1
Vero,rep3,NS5 E34A,input,CTCACAGTCACGGTGACCGCGGCGACCCTACTT,1
Vero,rep3,NS5 E34A,input,CTAACCGTCACAGTAACCGCAGCTACCCTGCTT,1
Vero,rep3,NS5 E34A,input,CTGACCGTCACGGTTACCGCGGCTACCCTGCTT,1
Vero,rep3,NS5 E34A,input,CTGACCGTGACGGTTACCGCGGCTACCCTGCTT,1
Vero,rep3,NS5 E34A,input,CTTACCGTTACCGTTACCGCCGCCACCCTTCTT,1
Vero,rep3,NS5 E34A,output,CTCACAGTCACCGTGACCGCTGCGACCCTACTT,13327
Vero,rep3,NS5 E34A,output,CTGACCGTGACGGTTACTGCGGCTACCCTGCTT,349
Vero,rep3,NS5 E34A,output,CTGACCGTGACGGTTACTGCGGCTACCCTACTT,9
Vero,rep3,NS5 E34A,output,CTCACCGTCACCGTGACCGCTGCGACCCTACTT,2
Vero,rep3,NS5 E34A,output,CTCACAGTCACCGTGACCGCTGCTACCCTACTT,2
Vero,rep3,NS5 E34A,output,CTCACAGTCACCGTGACTGCTGCGACCCTACTT,2
Vero,rep3,NS5 E34A,output,CTCACAGTCACCGTTACCGCTGCGACCCTACTT,2
Vero,rep3,NS5 E34A,output,CTGACAGTGACGGTTACTGCGGCTACCCTGCTT,1
Vero,rep3,NS5 E34A,output,CTGACAGTCACCGTGACCGCTGCGACCCTACTT,1
Vero,rep3,NS5 E34A,output,CTCACAGTCACCGTGACCGCTGCGACCCTGCTT,1
Vero,rep3,NS5 E34A,output,CTGACCGTGACGGTTACCGCGGCTACCCTGCTT,1
Vero,rep3,NS5 E34A,output,CTCACAGTCACTGTGACCGCTGCGACCCTACTT,1
Vero,rep3,NS5 E34A,output,CTCACCGTGACGGTTACTGCGGCTACCCTGCTT,1
Vero,rep3,NS5 E34A,output,CTGACCGTGACCGTTACTGCGGCTACCCTGCTT,1
Vero,rep3,NS5 E34A,output,CTGACCGTGACGGTTACTGCTGCTACCCTGCTT,1
Vero,rep3,NS5 E34A,output,CTCACCGTCACGGTTACCGCGGCTACCCTACTT,1
Vero,rep3,NS5 E34A,output,CTGACCGTGACGGTTACTGCGGCGACCCTACTT,1
CT,rep3,NS3 S412A,output,CTGACCGTAACGGTCACCGCGGCAACTCTACTG,8028
CT,rep3,NS3 S412A,output,CTCACAGTCACCGTGACCGCTGCGACCCTACTT,1530
CT,rep3,NS3 S412A,output,CTGACCGTAACGGTCACCGCGGCAACTCTACTT,17
CT,rep3,NS3 S412A,output,CTCACAGTCACCGTGACCGCTGCGACCCTACTG,7
CT,rep3,NS3 S412A,output,CTCACCGTCACCGTGACCGCTGCGACCCTACTT,4
CT,rep3,NS3 S412A,output,CTAACCGTCACAGTAACCGCAGCTACCCTGCTG,4
CT,rep3,NS3 S412A,output,CTGACCGTCACGGTCACCGCGGCAACTCTACTG,4
CT,rep3,NS3 S412A,output,CTGACCGTAACGGTCACCGCTGCGACCCTACTT,2
CT,rep3,NS3 S412A,output,CTAACGGTAACGGTAACCGCGGCAACCCTCCTT,1
CT,rep3,NS3 S412A,output,CTGACCGTAACGGTCACCGCGGCAACCCTACTG,1
CT,rep3,NS3 S412A,output,CTGACAGTAACGGTCACCGCGGCAACTCTACTG,1
CT,rep3,NS3 S412A,output,CTCACAGTCACCGTGACCGCTGCGACTCTACTG,1
CT,rep3,NS3 S412A,output,CTCACAGTAACCGTGACCGCTGCGACCCTACTT,1
CT,rep3,NS3 S412A,output,CTCACAGTCACGGTGACCGCTGCGACCCTACTT,1
CT,rep3,NS3 S412A,output,CTTACGGTGACCGTAACGGCAGCTACTCTACTC,1
CT,rep3,NS3 S412A,output,CTGACCGTAACGGTCACCGCGGCAACTCTACTC,1
CT,rep3,NS3 S412A,output,CTGACCGTAACGGTTACCGCGGCAACTCTACTG,1
CT,rep3,NS3 S412A,output,CTGACCGTAACGGTCACCGCTGCAACTCTACTG,1
CT,rep3,NS3 S412A,output,CTCACAGTCACCGTGACCGCGGCAACTCTACTG,1
CT,rep3,NS3 S412A,output,CTCACAGTCACCGTGACCGCTGCGACTCTACTT,1
CT,rep3,NS3 S412A,output,CTGACCGTAACGGTCACCGCTGCAACCCTACTT,1
CT,rep3,NS3 S412A,output,CTGACCGTCACGGTCACCGCGGCAACCCTACTG,1
CT,rep3,NS3 S412A,output,CTCACAGTCACCGTCACCGCGGCAACTCTACTG,1
CT,rep3,NS3 S412A,output,CTGACAGTCACCGTGACCGCTGCGACCCTACTT,1
CT,rep3,NS3 S412A,output,CTGACCGTAACGGTCACAGCGGCAACTCTACTG,1
CT,rep3,NS3 S412A,output,CTTACCGTAACGGTCACCGCGGCAACTCTACTG,1
CT,rep3,NS3 S412A,output,CTGACCGTAACGGTCACCGCTGCAACCCTACTG,1
CT,rep3,NS3 S412A,output,CTCACAGTAACGGTGACCGCGGCAACCCTACTT,1
CT,rep3,NS3 S412A,output,CTGACCGTCACCGTGACCGCGGCAACCCTACTG,1
CT,rep3,NS3 S412A,output,CTCACCGTAACGGTCACCGCGGCAACTCTACTG,1
CT,rep3,NS5 F24A,input,CTGACCGTCACTGTAACTGCCGCTACTCTCCTT,11815
CT,rep3,NS5 F24A,input,CTCACAGTCACCGTGACCGCTGCGACCCTACTT,59
CT,rep3,NS5 F24A,input,CTGACCGTCACTGTGACTGCCGCTACTCTCCTT,2
CT,rep3,NS5 F24A,input,CTCACCGTCACTGTAACCGCCGCTACTCTCCTT,1
CT,rep3,NS5 F24A,input,CTGACCGTCACCGTGACCGCTGCGACCCTACTT,1
CT,rep3,NS5 F24A,input,CTGACCGTCACTGTAACTGCCGCTACCCTCCTT,1
CT,rep3,NS5 F24A,input,CTGACTGTCACTGTAACTGCCGCTACTCTCCTT,1
CT,rep3,NS5 F24A,input,CTGACCGTCACTGTAACTGCCGCGACTCTCCTT,1
CT,rep3,NS5 F24A,input,CTGACCGTCACCGTAACTGCCGCTACTCTCCTT,1
CT,rep3,NS5 F24A,input,CTCACAGTCACCGTGACCGCCGCTACACTCCTT,1
CT,rep3,NS5 F24A,input,CTGACCGTCACTGTAACTGCTGCTACTCTCCTT,1
CT,rep3,NS5 F24A,output,CTCACAGTCACCGTGACCGCTGCGACCCTACTT,14124
CT,rep3,NS5 F24A,output,CTGACCGTCACTGTAACTGCCGCTACTCTCCTT,622
CT,rep3,NS5 F24A,output,CTTACGGTGACCGTAACGGCAGCTACTCTACTC,6
CT,rep3,NS5 F24A,output,CTCACAGTCACCGTAACCGCTGCGACCCTCCTT,2
CT,rep3,NS5 F24A,output,CTCACAGTCACCGTGACCGCTGCGACCCTACTC,2
CT,rep3,NS5 F24A,output,CTCACAGTCACTGTAACTGCCGCTACTCTCCTT,2
CT,rep3,NS5 F24A,output,CTAACCGTCACAGTAACCGCAGCTACCCTGCTG,2
CT,rep3,NS5 F24A,output,CTCACAGTCACTGTGACCGCTGCGACCCTACTT,1
CT,rep3,NS5 F24A,output,CTCACCGTCACCGTGACCGCTGCGACCCTACTT,1
CT,rep3,NS5 F24A,output,CTCACAGTTACCGTGACCGCTGCGACCCTACTT,1
CT,rep3,NS5 F24A,output,CTCACCGTCACCGTAACCGCTGCGACCCTCCTT,1
CT,rep3,NS5 F24A,output,CTCACAGTGACCGTGACCGCTGCGACCCTACTT,1
CT,rep3,NS5 F24A,output,CTGACCGTTACTGTAACTGCCGCTACTCTCCTT,1
CT,rep3,NS5 F24A,output,CTGACCGTCACTGTAACCGCCGCTACTCTCCTT,1
CT,rep3,NS5 F24A,output,CTGACCGTCACTGTAACTGCCGCGACTCTCCTT,1
CT,rep3,NS5 F24A,output,CTTACCGTCACTGTGACTGCGGCGACACTCCTT,1
CT,rep3,NS5 F24A,output,CTGACAGTCACCGTGACCGCTGCGACCCTACTT,1
CT,rep3,NS5 F24A,output,CTCACAGTCACCGTGACTGCTGCGACCCTACTT,1
CT,rep3,NS5 F24A,output,CTCACAGTCACCGTGACCGCTGCGACCCTCCTT,1
CT,rep3,NS5 F24A,output,CTGACAGTCACTGTAACTGCCGCTACTCTCCTT,1
CT,rep3,NS5 F24A,output,CTCACAGTCACCGTGACCGCCGCGACCCTACTT,1
CT,rep3,NS5 E34A,input,CTGACCGTGACGGTTACTGCGGCTACCCTGCTT,8580
CT,rep3,NS5 E34A,input,CTCACAGTCACCGTGACCGCTGCGACCCTACTT,2907
CT,rep3,NS5 E34A,input,CTAACCGTCACAGTAACCGCAGCTACCCTGCTG,15
CT,rep3,NS5 E34A,input,CTGACCGTGACGGTTACTGCGGCTACCCTACTT,8
CT,rep3,NS5 E34A,input,CTCACAGTCACCGTGACCGCTGCGACCCTGCTT,4
CT,rep3,NS5 E34A,input,CTCACAGTCACCGTTACCGCTGCGACCCTACTT,3
CT,rep3,NS5 E34A,input,CTGACCGTGACAGTTACTGCGGCTACCCTGCTT,2
CT,rep3,NS5 E34A,input,CTGACCGTGACGGTTACCGCGGCTACCCTGCTT,2
CT,rep3,NS5 E34A,input,CTGACCGTGACGGTGACCGCGGCGACCCTACTT,2
CT,rep3,NS5 E34A,input,CTGACCGTGACGGTTACTGCGGCTACTCTGCTT,2
CT,rep3,NS5 E34A,input,CTGACCGTGACGGTTACTGCGGCCACCCTGCTT,2
CT,rep3,NS5 E34A,input,CTCACAGTTACCGTGACCGCTGCGACCCTACTT,2
CT,rep3,NS5 E34A,input,CTGACCGTGACGGTTACTGCGGCTACACTGCTT,1
CT,rep3,NS5 E34A,input,CTCACTGTCACTGTCACCGCCGCCACCCTTCTT,1
CT,rep3,NS5 E34A,input,CTGACCGTTACGGTTACTGCGGCTACCCTGCTT,1
CT,rep3,NS5 E34A,input,CTCACAGTCACCGTGACCGCCGCGACCCTACTT,1
CT,rep3,NS5 E34A,input,CTGACCGTGACGGTCACTGCGGCTACCCTGCTT,1
CT,rep3,NS5 E34A,input,CTAACCGTCACAGTAACCGCAGCTACCCTGCTT,1
CT,rep3,NS5 E34A,input,CTCACAGTCACGGTGACCGCTGCGACCCTACTT,1
CT,rep3,NS5 E34A,input,CTGACCGTGACGGTTACTGCCGCTACCCTGCTT,1
CT,rep3,NS5 E34A,input,CTGACCGTGACCGTTACTGCGGCTACCCTGCTT,1
CT,rep3,NS5 E34A,input,CTGACCGTGACGGTTACTGCTGCTACCCTGCTT,1
CT,rep3,NS5 E34A,input,CTGACCGTGACGGTTACTGCGGCTACCCTGCTC,1
CT,rep3,NS5 E34A,input,CTCACAGTCACCGTGACTGCTGCGACCCTACTT,1
CT,rep3,NS5 E34A,output,CTCACAGTCACCGTGACCGCTGCGACCCTACTT,7140
CT,rep3,NS5 E34A,output,CTGACCGTGACGGTTACTGCGGCTACCCTGCTT,4365
CT,rep3,NS5 E34A,output,CTGACCGTGACGGTTACTGCGGCTACCCTACTT,16
CT,rep3,NS5 E34A,output,CTAACCGTCACAGTAACCGCAGCTACCCTGCTG,10
CT,rep3,NS5 E34A,output,CTCACAGTCACCGTGACCGCTGCGACCCTGCTT,10
CT,rep3,NS5 E34A,output,CTCACAGTCACCGTTACCGCTGCGACCCTACTT,3
CT,rep3,NS5 E34A,output,CTCACCGTCACCGTGACCGCTGCGACCCTACTT,3
CT,rep3,NS5 E34A,output,CTCACAGTCACCGTGACTGCTGCGACCCTACTT,3
CT,rep3,NS5 E34A,output,CTCACAGTCACCGTGACCGCTGCGACTCTACTT,3
CT,rep3,NS5 E34A,output,CTGACCGTGACGGTTACTGCGGCGACCCTACTT,2
CT,rep3,NS5 E34A,output,CTCACCGTCACCGTGACCGCTGCTACCCTGCTT,2
CT,rep3,NS5 E34A,output,CTCACAGTCACTGTGACCGCTGCGACCCTACTT,1
CT,rep3,NS5 E34A,output,CTCACAGTCACCGTGACCGCTGCTACCCTACTT,1
CT,rep3,NS5 E34A,output,CTCACAGTCACCGTGACCGCGGCTACCCTGCTT,1
CT,rep3,NS5 E34A,output,CTGACCGTGACCGTTACTGCGGCTACCCTGCTT,1
CT,rep3,NS5 E34A,output,CTCACAGTCACCGTAACCGCTGCGACCCTACTT,1
CT,rep3,NS5 E34A,output,CTAACGGTAACGGTAACGGCGGCAACCCTCCTT,1
CT,rep3,NS5 E34A,output,CTGACCGTGACGGTTACTGCGGCTACCCTGCTC,1
CT,rep3,NS5 E34A,output,CTCACGGTCACCGTGACCGCTGCGACCCTACTT,1
CT,rep3,NS5 E34A,output,CTGACCGTGACGGTTACCGCGGCTACCCTGCTT,1
CT,rep3,NS5 E34A,output,CTCACAGTAACCGTGACCGCTGCGACCCTACTT,1
CT,rep3,NS5 E34A,output,CTCACAGTCACCGTGACCGCGGCGACCCTACTT,1
CT,rep3,NS5 E34A,output,CTGACCGTGACGGTTACTGCGGCTACTCTGCTT,1
CT,rep3,NS5 E34A,output,CTGACCGTGACGGTGACCGCGGCGACCCTACTT,1
CT,rep3,NS5 E34A,output,CTGACAGTTACTGTCACTGCTGCTACCCTCCTA,1
CT,rep3,NS5 E34A,output,CTGACGGTAACAGTGACAGCAGCAACCCTACTT,1
CT,rep3,NS5 E34A,output,CTCACAGTCACGGTGACCGCGGCGACCCTACTT,1
CT,rep3,NS5 E34A,output,CTGACCGTGACGGTCACTGCGGCTACCCTGCTT,1
