biorep,in_out,cell,virus,MOI,techrep,sequence,count
1,output,CT,NS5 F24A,0.1,A,CTCACAGTCACCGTGACCGCTGCGACCCTACTT,247
1,output,CT,NS5 F24A,0.1,A,CTGACCGTCACTGTAACTGCCGCTACTCTCCTT,12
1,output,CT,NS5 F24A,0.1,A,CTCACAGTCACTGTGACCGCTGCGACCCTACTT,1
1,output,CT,NS5 F24A,0.1,A,CTAACCGTCACAGTAACCGCAGCTACCCTGCTG,1
1,output,CT,NS5 F24A,0.1,B,CTCACAGTCACCGTGACCGCTGCGACCCTACTT,388
1,output,CT,NS5 F24A,0.1,B,CTGACCGTCACTGTAACTGCCGCTACTCTCCTT,29
1,output,CT,NS5 F24A,0.1,B,CTCACTGTCACCGTGACCGCTGCGACCCTACTT,3
1,output,CT,NS5 F24A,0.1,B,CTCACAGTCACCGTGACCGCCGCGACCCTACTT,1
1,input,CT,NS5 F24A,,,CTGACCGTCACTGTAACTGCCGCTACTCTCCTT,9476
1,input,CT,NS5 F24A,,,CTCACAGTCACCGTGACCGCTGCGACCCTACTT,2609
1,input,CT,NS5 F24A,,,CTGACCGTCACTGTGACTGCCGCTACTCTCCTT,8
1,input,CT,NS5 F24A,,,CTGACCGTCACTGTAACTGCCGCCACTCTCCTT,6
1,input,CT,NS5 F24A,,,CTGACCGTCACCGTAACTGCCGCTACTCTCCTT,3
1,input,CT,NS5 F24A,,,CTCACAGTCACTGTGACCGCTGCGACCCTACTT,2
1,input,CT,NS5 F24A,,,CTGACCGTCACTGTAACTGCCGCTACCCTCCTT,2
1,input,CT,NS5 F24A,,,CTGACCGTCACTGTAACTGCCGCTACTCTCCTC,2
1,input,CT,NS5 F24A,,,CTGACCGTCACTGTAACCGCCGCTACTCTCCTT,1
1,input,CT,NS5 F24A,,,CTGACCGTCACTGTAACTGCTGCTACTCTCCTT,1
1,input,CT,NS5 F24A,,,CTCACAGTCACCGTGACCGCTGCGACACTACTT,1
1,input,CT,NS5 F24A,,,CTAACCGTCACTGTAACTGCCGCTACTCTCCTT,1
1,input,CT,NS5 F24A,,,CTGACCGTCACTGTAACTGCCGCTACTCTCCTG,1
1,input,CT,NS5 F24A,,,CTCACAGTCACCGTGACCGCTGCGACCCTACTC,1
1,input,CT,NS5 F24A,,,CTGACCGTTACTGTAACTGCCGCTACTCTCCTT,1
1,input,CT,NS5 F24A,,,CTCACAGTCACCGTGACCGCTGCGACCCTGCTT,1
1,output,CT,NS5 F24A,10,A,CTCACAGTCACCGTGACCGCTGCGACCCTACTT,12276
1,output,CT,NS5 F24A,10,A,CTGACCGTCACTGTAACTGCCGCTACTCTCCTT,1589
1,output,CT,NS5 F24A,10,A,CTCACAGTCACCGTGACCGCTGCAACCCTACTT,2
1,output,CT,NS5 F24A,10,A,CTGACCGTCACTGTGACTGCCGCTACTCTCCTT,2
1,output,CT,NS5 F24A,10,A,CTCACAGTCACCGTGACCGCTGCGACCCTACTC,2
1,output,CT,NS5 F24A,10,A,CTCACAGTCACTGTGACCGCTGCGACCCTACTT,2
1,output,CT,NS5 F24A,10,A,CTGACCGTGACGGTTACTGCGGCTACCCTGCTT,1
1,output,CT,NS5 F24A,10,A,CTCACTGTCACCGTGACCGCTGCGACCCTACTT,1
1,output,CT,NS5 F24A,10,A,CTCACAGTCACCGTGACCGCTGCGACTCTACTT,1
1,output,CT,NS5 F24A,10,A,CTGACCGTCACTGTAACTGCCGCTACTCTCCTC,1
1,output,CT,NS5 F24A,10,A,CTGACCGTCACTGTAACTGCTGCTACTCTCCTT,1
1,output,CT,NS5 F24A,10,A,CTCACAGTCACCGTTACCGCTGCGACCCTACTT,1
1,output,CT,NS5 F24A,10,A,CTGACCGTCACTGTAACTGCCGCTACCCTCCTT,1
1,output,CT,NS5 F24A,10,A,CTCACAGTCACCGTGACTGCTGCGACCCTACTT,1
1,output,CT,NS5 F24A,10,A,CTCACGGTCACCGTGACCGCTGCGACCCTACTT,1
1,output,CT,NS5 F24A,10,A,CTGACCGTCACTGTAACTGCCGCTACTCTCCTG,1
1,output,CT,NS5 F24A,10,B,CTCACAGTCACCGTGACCGCTGCGACCCTACTT,31985
1,output,CT,NS5 F24A,10,B,CTGACCGTCACTGTAACTGCCGCTACTCTCCTT,2904
1,output,CT,NS5 F24A,10,B,CTCACAGTCACCGTGACCGCTGCGACCCTACTC,8
1,output,CT,NS5 F24A,10,B,CTCACAGTCACCGTGACTGCTGCGACCCTACTT,5
1,output,CT,NS5 F24A,10,B,CTCACGGTCACCGTGACCGCTGCGACCCTACTT,5
1,output,CT,NS5 F24A,10,B,CTCACAGTCACCGTAACCGCTGCGACCCTACTT,3
1,output,CT,NS5 F24A,10,B,CTCACAGTCACTGTGACCGCTGCGACCCTACTT,3
1,output,CT,NS5 F24A,10,B,CTGACAGTCACCGTGACCGCTGCGACCCTACTT,2
1,output,CT,NS5 F24A,10,B,CTTACAGTCACCGTGACCGCTGCGACCCTACTT,2
1,output,CT,NS5 F24A,10,B,CTGACCGTCACCGTAACTGCCGCTACTCTCCTT,2
1,output,CT,NS5 F24A,10,B,CTCACAGTCACCGTGACCGCTGCGACTCTACTT,2
1,output,CT,NS5 F24A,10,B,CTGACCGTCACTGTGACTGCCGCTACTCTCCTT,2
1,output,CT,NS5 F24A,10,B,CTCACAGTCACCGTGACCGCTGCGACCCTGCTT,2
1,output,CT,NS5 F24A,10,B,CTCACAGTCACCGTGACCGCCGCGACCCTACTT,2
1,output,CT,NS5 F24A,10,B,CTGACCGTCACCGTGACTGCTGCTACCCTACTT,1
1,output,CT,NS5 F24A,10,B,CTCACAGTCACCGTGACCGCAGCCACCCTACTT,1
1,output,CT,NS5 F24A,10,B,CTGACCGTGACGGTTACTGCGGCTACCCTGCTT,1
1,output,CT,NS5 F24A,10,B,CTCACAGTCACCGTGACCGCTGCGACCCTCCTT,1
1,output,CT,NS5 F24A,10,B,CTCACAGTCACAGTGACCGCTGCGACCCTACTT,1
1,output,CT,NS5 F24A,10,B,CTGACCGTCACTGTAACTGCCGCTACTCTCCTC,1
1,output,CT,NS5 F24A,10,B,CTCACCGTCACCGTAACCGCTGCTACCCTCCTT,1
1,output,CT,NS5 F24A,10,B,CTGACCGTCACTGTAACTGCCGCTACTCTCCTG,1
1,output,CT,NS5 F24A,10,B,CTCACAGTCACCGTGACCGCTGCGACTCTCCTT,1
1,output,CT,NS5 F24A,10,B,CTCACCGTCACCGTGACCGCTGCGACCCTACTT,1
1,output,CT,NS5 F24A,10,B,CTGACAGTCACCGTGACAGCCGCCACGCTTCTT,1
1,output,CT,NS5 F24A,10,B,CTGACCGTCACTGTAACCGCCGCTACTCTCCTT,1
1,output,CT,NS5 F24A,10,B,CTGACTGTCACTGTAACTGCCGCTACTCTCCTT,1
1,output,CT,NS5 F24A,10,B,CTCACAGTCACCGTGACAGCTGCGACCCTACTT,1
1,output,CT,NS5 E34A,0.1,A,CTCACAGTCACCGTGACCGCTGCGACCCTACTT,275
1,output,CT,NS5 E34A,0.1,A,CTGACCGTGACGGTTACTGCGGCTACCCTGCTT,36
1,output,CT,NS5 E34A,0.1,A,CTGACCGTCACTGTAACTGCCGCTACTCTCCTT,2
1,output,CT,NS5 E34A,0.1,A,CTGACCGTAACGGTCACCGCGGCAACTCTACTG,1
1,output,CT,NS5 E34A,0.1,B,CTCACAGTCACCGTGACCGCTGCGACCCTACTT,416
1,output,CT,NS5 E34A,0.1,B,CTGACCGTGACGGTTACTGCGGCTACCCTGCTT,41
1,output,CT,NS5 E34A,0.1,B,CTCACAGTTACCGTGACCGCTGCGACCCTACTT,1
1,input,CT,NS5 E34A,,,CTCACAGTCACCGTGACCGCTGCGACCCTACTT,1402
1,input,CT,NS5 E34A,,,CTGACCGTGACGGTTACTGCGGCTACCCTGCTT,672
1,input,CT,NS5 E34A,,,CTCACAGTCACCGTGACCGCCGCGACCCTACTT,3
1,input,CT,NS5 E34A,,,CTGACCGTGACGGTTACCGCGGCTACCCTGCTT,1
1,input,CT,NS5 E34A,,,CTCACAGTCACCGTGACCGCTGCGACCCTACTC,1
1,input,CT,NS5 E34A,,,CTCACAGTCACTGTGACCGCTGCGACCCTACTT,1
1,output,CT,NS5 E34A,10,A,CTCACAGTCACCGTGACCGCTGCGACCCTACTT,12216
1,output,CT,NS5 E34A,10,A,CTGACCGTGACGGTTACTGCGGCTACCCTGCTT,1283
1,output,CT,NS5 E34A,10,A,CTCACAGTCACTGTGACCGCTGCGACCCTACTT,2
1,output,CT,NS5 E34A,10,A,CTCACAGTCACCGTGACCGCCGCGACCCTACTT,2
1,output,CT,NS5 E34A,10,A,CTCACAGTCACCGTGACTGCTGCGACCCTACTT,2
1,output,CT,NS5 E34A,10,A,CTCACAGTCACCGTGACCGCTGCTACCCTACTT,1
1,output,CT,NS5 E34A,10,A,CTGACCGTGACGGTTACTGCAGCTACCCTGCTT,1
1,output,CT,NS5 E34A,10,A,CTAACTGTTACGGTAACAGCTGCGACGCTTCTC,1
1,output,CT,NS5 E34A,10,A,CTGACCGTGACGGTTACTGCGGCTACCCTGCTC,1
1,output,CT,NS5 E34A,10,A,CTCACAGTCACCGTGACCGCTGCAACCCTACTT,1
1,output,CT,NS5 E34A,10,A,CTCACAGTCACCGTGACCGCGGCGACCCTACTT,1
1,output,CT,NS5 E34A,10,A,CTCACGGTCACCGTGACCGCTGCGACCCTACTT,1
1,output,CT,NS5 E34A,10,A,CTAACCGTGACGGTTACTGCGGCTACCCTGCTT,1
1,output,CT,NS5 E34A,10,A,CTCACAGTCACCGTGACCGCTGCGACCCTACTC,1
1,output,CT,NS5 E34A,10,B,CTCACAGTCACCGTGACCGCTGCGACCCTACTT,23752
1,output,CT,NS5 E34A,10,B,CTGACCGTGACGGTTACTGCGGCTACCCTGCTT,2566
1,output,CT,NS5 E34A,10,B,CTCACAGTCACTGTGACCGCTGCGACCCTACTT,5
1,output,CT,NS5 E34A,10,B,CTTACAGTCACCGTGACCGCTGCGACCCTACTT,4
1,output,CT,NS5 E34A,10,B,CTCACAGTCACCGTGACCGCTGCAACCCTACTT,4
1,output,CT,NS5 E34A,10,B,CTCACGGTCACCGTGACCGCTGCGACCCTACTT,2
1,output,CT,NS5 E34A,10,B,CTGACCGTGACGGTTACTGCGGCTACCCTACTT,2
1,output,CT,NS5 E34A,10,B,CTAACTGTTACGGTAACAGCTGCGACGCTTCTC,2
1,output,CT,NS5 E34A,10,B,CTCACAGTCACCGTGACCGCTGCGACCCTACTC,2
1,output,CT,NS5 E34A,10,B,CTCACAGTTACCGTGACCGCTGCGACCCTACTT,2
1,output,CT,NS5 E34A,10,B,CTGACCGTGACAGTTACTGCGGCTACCCTGCTT,1
1,output,CT,NS5 E34A,10,B,CTGACCGTGACGGTTACCGCGGCTACCCTGCTT,1
1,output,CT,NS5 E34A,10,B,CTGACCGTGACGGTTACTGCGGCTACGCTGCTT,1
1,output,CT,NS5 E34A,10,B,CTGACCGTGACGGTCACTGCGGCTACCCTGCTT,1
1,output,CT,NS5 E34A,10,B,CTCACAGTCACCGTGACGGCTGCGACCCTACTT,1
1,output,CT,NS5 E34A,10,B,CTCACAGTCACCGTGACCGCTGCGACTCTACTT,1
1,output,CT,NS5 E34A,10,B,CTGACCGTGACGGTTACTGCGGCTACTCTGCTT,1
1,output,CT,NS5 E34A,10,B,CTGACCGTCACTGTAACTGCCGCTACTCTCCTT,1
1,output,CT,NS5 E34A,10,B,CTGACCGTGACGGTTACTGCTGCTACCCTGCTT,1
1,output,CT,NS5 E34A,10,B,CTGACCGTGACGGTTACTGCCGCTACCCTGCTT,1
1,output,CT,NS5 E34A,10,B,CTCACAGTCACCGTGACCGCTGCGACACTACTT,1
1,output,CT,NS5 E34A,10,B,CTCACAGTCACCGTGACCGCTGCGACCCTGCTT,1
1,output,CT,NS5 E34A,10,B,CTCACAGTCACAGTGACCGCTGCGACCCTACTT,1
1,output,Vero,NS3 S412A,0.1,A,CTCACAGTCACCGTGACCGCTGCGACCCTACTT,38686
1,output,Vero,NS3 S412A,0.1,A,CTGACCGTAACGGTCACCGCGGCAACTCTACTG,1020
1,output,Vero,NS3 S412A,0.1,A,CTCACAGTCACCGTGACCGCTGCGACCCTACTC,4
1,output,Vero,NS3 S412A,0.1,A,CTCACAGTCACCGTAACCGCTGCGACCCTACTT,3
1,output,Vero,NS3 S412A,0.1,A,CTGACCGTGACGGTTACTGCGGCTACCCTGCTT,2
1,output,Vero,NS3 S412A,0.1,A,CTGACCGTCACGGTCACCGCGGCAACTCTACTG,2
1,output,Vero,NS3 S412A,0.1,A,CTCACAGTCACCGTGACCGCCGCGACCCTACTT,2
1,output,Vero,NS3 S412A,0.1,A,CTCACAGTCACCGTGACCGCTGCGACCCTGCTT,2
1,output,Vero,NS3 S412A,0.1,A,CTCACAGTAACCGTGACCGCTGCGACCCTACTT,2
1,output,Vero,NS3 S412A,0.1,A,CTCACAGTCACCGTGACCGCTGCAACCCTACTT,1
1,output,Vero,NS3 S412A,0.1,A,CTCACAGTCACGGTGACCGCTGCGACCCTACTT,1
1,output,Vero,NS3 S412A,0.1,A,CTCACAGTCACCGTGACTGCTGCGACCCTACTT,1
1,output,Vero,NS3 S412A,0.1,A,CTGACCGTAACGGTCACCGCGGCGACCCTACTG,1
1,output,Vero,NS3 S412A,0.1,A,CTCACAGTCACCGTGACCGCTGCGACCCTCCTT,1
1,output,Vero,NS3 S412A,0.1,A,CTCACGGTCACCGTGACCGCTGCGACCCTACTT,1
1,output,Vero,NS3 S412A,0.1,A,CTCACCGTCACCGTGACCGCTGCGACCCTACTT,1
1,output,Vero,NS3 S412A,0.1,B,CTCACAGTCACCGTGACCGCTGCGACCCTACTT,35115
1,output,Vero,NS3 S412A,0.1,B,CTGACCGTAACGGTCACCGCGGCAACTCTACTG,1046
1,output,Vero,NS3 S412A,0.1,B,CTCACAGTTACCGTGACCGCTGCGACCCTACTT,6
1,output,Vero,NS3 S412A,0.1,B,CTCACAGTCACCGTGACTGCTGCGACCCTACTT,4
1,output,Vero,NS3 S412A,0.1,B,CTGACCGTAACGGTCACCGCGGCAACTCTACTT,3
1,output,Vero,NS3 S412A,0.1,B,CTGACCGTCACCGTGACCGCTGCGACTCTACTT,2
1,output,Vero,NS3 S412A,0.1,B,CTCACAGTCACCGTGACCGCTGCGACCCTGCTT,2
1,output,Vero,NS3 S412A,0.1,B,CTCACAGTCACCGTGACCGCTGCTACCCTACTT,1
1,output,Vero,NS3 S412A,0.1,B,CTCACAGTCACTGTGACCGCTGCGACCCTACTT,1
1,output,Vero,NS3 S412A,0.1,B,CTCACAGTCACCGTAACCGCTGCGACCCTACTT,1
1,output,Vero,NS3 S412A,0.1,B,CTCACTGTCACCGTGACCGCTGCGACCCTACTT,1
1,output,Vero,NS3 S412A,0.1,B,CTCACAGTCACCGTGACCGCTGCAACCCTACTT,1
1,output,Vero,NS3 S412A,0.1,B,CTAACTGTTACGGTAACAGCTGCGACGCTTCTC,1
1,output,Vero,NS3 S412A,0.1,B,CTCACAGTCACCGTGACCGCTGCCACCCTACTT,1
1,output,Vero,NS3 S412A,0.1,B,CTGACCGTAACGGTCACCGCGGCAACCCTACTG,1
1,output,Vero,NS3 S412A,0.1,B,CTCACAGTCACCGTGACCGCGGCGACCCTACTT,1
1,input,Vero,NS3 S412A,,,CTCACAGTCACCGTGACCGCTGCGACCCTACTT,14144
1,input,Vero,NS3 S412A,,,CTGACCGTAACGGTCACCGCGGCAACTCTACTG,10050
1,input,Vero,NS3 S412A,,,CTGACCGTAACGGTCACCGCGGCAACTCTACTT,14
1,input,Vero,NS3 S412A,,,CTGACCGTCACGGTCACCGCGGCAACTCTACTG,13
1,input,Vero,NS3 S412A,,,CTCACCGTCACCGTGACCGCTGCGACCCTACTT,9
1,input,Vero,NS3 S412A,,,CTCACAGTCACCGTGACCGCTGCGACCCTACTG,6
1,input,Vero,NS3 S412A,,,CTGACCGTAACGGTCACCGCGGCAACCCTACTG,5
1,input,Vero,NS3 S412A,,,CTGACCGTAACGGTCACCGCGGCAACCCTACTT,5
1,input,Vero,NS3 S412A,,,CTGACAGTTACCGTAACCGCCGCAACCCTTCTA,3
1,input,Vero,NS3 S412A,,,CTCACAGTAACGGTGACCGCGGCAACCCTACTT,3
1,input,Vero,NS3 S412A,,,CTAACTGTTACGGTAACAGCTGCGACGCTTCTC,3
1,input,Vero,NS3 S412A,,,CTGACCGTCACGGTCACCGCGGCAACTCTACTT,3
1,input,Vero,NS3 S412A,,,CTCACAGTCACCGTGACCGCTGCGACTCTACTG,2
1,input,Vero,NS3 S412A,,,CTCACAGTCACCGTCACCGCTGCGACTCTACTT,2
1,input,Vero,NS3 S412A,,,CTCACAGTCACCGTGACCGCTGCGACTCTACTT,2
1,input,Vero,NS3 S412A,,,CTGACAGTCACCGTGACCGCTGCGACCCTACTT,2
1,input,Vero,NS3 S412A,,,CTCACAGTCACCGTGACCGCTGCAACTCTACTG,2
1,input,Vero,NS3 S412A,,,CTCACAGTCACCGTGACCGCTGCGACCCTACTC,2
1,input,Vero,NS3 S412A,,,CTCACAGTCACTGTGACCGCTGCGACCCTACTT,2
1,input,Vero,NS3 S412A,,,CTGACCGTAACGGTCACCGCTGCAACTCTACTG,2
1,input,Vero,NS3 S412A,,,CTGACCGTAACGGTCACCGCTGCGACCCTACTT,2
1,input,Vero,NS3 S412A,,,CTCACAGTCACGGTGACCGCTGCGACCCTACTT,2
1,input,Vero,NS3 S412A,,,CTGACAGTCACCGTGACCGCTGCAACCCTACTT,2
1,input,Vero,NS3 S412A,,,CTGACCGTCACGGTCACCGCTGCAACTCTACTT,1
1,input,Vero,NS3 S412A,,,CTGACCGTCACCGTGACCGCGGCAACTCTACTT,1
1,input,Vero,NS3 S412A,,,CTGACCGTAACGGTCACCGCTGCGACTCTACTT,1
1,input,Vero,NS3 S412A,,,CTGACCGTAACGGTCACCGCAGCAACTCTACTG,1
1,input,Vero,NS3 S412A,,,CTGACCGTAACGGTCACCGCGGCGACTCTACTG,1
1,input,Vero,NS3 S412A,,,CTCACAGTCACCGTGACCGCGGCAACTCTACTG,1
1,input,Vero,NS3 S412A,,,CTCACAGTCACCGTGACCGCGGCGACCCTACTT,1
1,input,Vero,NS3 S412A,,,CTCACCGTCACCGTGACCGCTGCAACCCTACTT,1
1,input,Vero,NS3 S412A,,,CTGACCGTCACCGTGACCGCTGCGACTCTACTT,1
1,input,Vero,NS3 S412A,,,CTCACAGTCACCGTGACCGCTGCAACCCTACTT,1
1,input,Vero,NS3 S412A,,,CTCACAGTCACCGTAACCGCTGCGACCCTACTT,1
1,input,Vero,NS3 S412A,,,CTGACCGTCACGGTCACCGCGGCAACCCTACTT,1
1,input,Vero,NS3 S412A,,,CTGACCGTCACGGTCACCGCGGCAACCCTACTG,1
1,input,Vero,NS3 S412A,,,CTGACAGTAACGGTCACCGCGGCAACTCTACTG,1
1,input,Vero,NS3 S412A,,,CTGACCGTAACGGTCACCGCGGCGACCCTACTT,1
1,input,Vero,NS3 S412A,,,CTGACCGTCACGGTCACCGCTGCGACCCTACTT,1
1,input,Vero,NS3 S412A,,,CTGACAGTAACCGTCACCGCGGCAACCCTACTG,1
1,input,Vero,NS3 S412A,,,CTGACCGTAACCGTCACCGCGGCAACTCTACTG,1
1,input,Vero,NS3 S412A,,,CTGACCGTCACGGTGACCGCGGCGACCCTACTT,1
1,input,Vero,NS3 S412A,,,CTAACTGTTACGGTAACCGCTGCGACGCTACTC,1
1,output,Vero,NS3 S412A,10,A,CTCACAGTCACCGTGACCGCTGCGACCCTACTT,47475
1,output,Vero,NS3 S412A,10,A,CTGACCGTAACGGTCACCGCGGCAACTCTACTG,1048
1,output,Vero,NS3 S412A,10,A,CTCACAGTCACCGTGACCGCTGCAACCCTACTT,3
1,output,Vero,NS3 S412A,10,A,CTGACCGTAACGGTCACCGCGGCAACTCTACTT,2
1,output,Vero,NS3 S412A,10,A,CTCACAGTCACCGTGACCGCTGCGACTCTACTT,2
1,output,Vero,NS3 S412A,10,A,CTGACCGTCACGGTCACCGCGGCAACTCTACTG,2
1,output,Vero,NS3 S412A,10,A,CTCACTGTCACCGTGACCGCTGCGACCCTACTT,1
1,output,Vero,NS3 S412A,10,A,CTGACCGTAACGGTCACCGCGGCAACCCTACTG,1
1,output,Vero,NS3 S412A,10,A,CTCACGGTCACCGTGACCGCTGCGACCCTACTT,1
1,output,Vero,NS3 S412A,10,A,CTCACAGTCACCGTGACCGCTGCGACCCTACTG,1
1,output,Vero,NS3 S412A,10,A,CTGACAGTCACCGTGACCGCTGCGACCCTACTT,1
1,output,Vero,NS3 S412A,10,A,CTCACAGTCACCGTGACCGCTGCGACTCTACTG,1
1,output,Vero,NS3 S412A,10,A,CTGACCGTAACGGTCACCGCTGCGACCCTACTT,1
1,output,Vero,NS3 S412A,10,A,CTCACAGTCACCGTAACCGCTGCGACCCTACTT,1
1,output,Vero,NS3 S412A,10,A,CTCACAGTCACGGTGACCGCTGCGACCCTACTT,1
1,output,Vero,NS3 S412A,10,A,CTGACCGTAACGGTCACCGCGGCAACCCTACTT,1
1,output,Vero,NS3 S412A,10,A,CTCACAGTCACCGTCACCGCTGCGACCCTACTT,1
1,output,Vero,NS3 S412A,10,A,CTCACAGTCACCGTGACCGCGGCGACCCTACTT,1
1,output,Vero,NS3 S412A,10,A,CTCACAGTCACCGTGACCGCGGCAACTCTACTT,1
1,output,Vero,NS3 S412A,10,A,CTGACCGTAACGGTCACCGCTGCAACTCTACTG,1
1,output,Vero,NS3 S412A,10,A,CTGACCGTAACCGTCACCGCGGCAACTCTACTG,1
1,output,Vero,NS3 S412A,10,A,CTCACCGTCACGGTGACCGCTGCGACCCTACTT,1
1,output,Vero,NS3 S412A,10,B,CTCACAGTCACCGTGACCGCTGCGACCCTACTT,47528
1,output,Vero,NS3 S412A,10,B,CTGACCGTAACGGTCACCGCGGCAACTCTACTG,338
1,output,Vero,NS3 S412A,10,B,CTCACAGTAACCGTGACCGCTGCGACCCTACTT,2
1,output,Vero,NS3 S412A,10,B,CTCACCGTCACCGTGACCGCTGCGACCCTACTT,2
1,output,Vero,NS3 S412A,10,B,CTCACAGTCACTGTGACCGCTGCGACCCTACTT,1
1,output,Vero,NS3 S412A,10,B,CTCACAGTCACCGTGACCGCTGCAACTCTACTG,1
1,output,Vero,NS3 S412A,10,B,CTGACCGTCACGGTCACCGCGGCAACTCTACTG,1
1,output,Vero,NS3 S412A,10,B,CTCACAGTAACGGTGACCGCGGCAACCCTACTT,1
1,output,Vero,NS3 S412A,10,B,CTCACAGTCACCGTGACCGCTGCGACCCTACTG,1
1,output,Vero,NS3 S412A,10,B,CTGACCGTAACGGTCACCGCGGCAACCCTACTG,1
1,output,Vero,NS3 S412A,10,B,CTCACCGTAACGGTCACCGCGGCAACTCTACTG,1
1,output,Vero,NS3 S412A,10,B,CTCACAGTCACCGTCACCGCTGCGACTCTACTT,1
1,output,Vero,NS3 S412A,10,B,CTGACCGTAACGGTCACCGCGGCAACCCTACTT,1
1,output,Vero,NS5 F24A,0.1,A,CTCACAGTCACCGTGACCGCTGCGACCCTACTT,35354
1,output,Vero,NS5 F24A,0.1,A,CTCACAGTCACTGTGACCGCTGCGACCCTACTT,4
1,output,Vero,NS5 F24A,0.1,A,CTCACAGTCACCGTGACTGCTGCGACCCTACTT,3
1,output,Vero,NS5 F24A,0.1,A,CTCACAGTCACCGTAACCGCTGCGACCCTACTT,3
1,output,Vero,NS5 F24A,0.1,A,CTGACCGTCACTGTAACTGCCGCTACTCTCCTT,3
1,output,Vero,NS5 F24A,0.1,A,CTCACAGTCACCGTGACCGCCGCGACCCTACTT,2
1,output,Vero,NS5 F24A,0.1,A,CTCACAGTCACCGTGACCGCTGCGACCCTACTC,2
1,output,Vero,NS5 F24A,0.1,A,CTCACAGTCACCGTGACCGCTGCCACCCTACTT,1
1,output,Vero,NS5 F24A,0.1,A,CTCACAGTCACCGTGACCGCTGCTACCCTACTT,1
1,output,Vero,NS5 F24A,0.1,A,CTCACAGTAACCGTGACCGCTGCGACCCTACTT,1
1,output,Vero,NS5 F24A,0.1,A,CTCACTGTCACCGTGACCGCTGCGACCCTACTT,1
1,output,Vero,NS5 F24A,0.1,A,CTCACAGTCACCGTGACAGCTGCGACCCTACTT,1
1,output,Vero,NS5 F24A,0.1,A,CTCACAGTCACCGTGACCGCTGCAACCCTACTT,1
1,output,Vero,NS5 F24A,0.1,A,CTCACGGTCACCGTGACCGCTGCGACCCTACTT,1
1,output,Vero,NS5 F24A,0.1,B,CTCACAGTCACCGTGACCGCTGCGACCCTACTT,30708
1,output,Vero,NS5 F24A,0.1,B,CTGACCGTCACTGTAACTGCCGCTACTCTCCTT,10
1,output,Vero,NS5 F24A,0.1,B,CTCACAGTCACCGTGACCGCTGCGACCCTACTC,4
1,output,Vero,NS5 F24A,0.1,B,CTCACAGTCACCGTGACCGCCGCGACCCTACTT,3
1,output,Vero,NS5 F24A,0.1,B,CTCACAGTCACCGTAACCGCTGCGACCCTACTT,2
1,output,Vero,NS5 F24A,0.1,B,CTCACAGTCACCGTGACCGCTGCTACCCTACTT,1
1,output,Vero,NS5 F24A,0.1,B,CTCACAGTCACCGTGACTGCTGCGACCCTACTT,1
1,output,Vero,NS5 F24A,0.1,B,CTCACAGTTACCGTGACCGCTGCGACCCTACTT,1
1,output,Vero,NS5 F24A,0.1,B,CTCACAGTCACCGTGACCGCTGCGACTCTACTT,1
1,output,Vero,NS5 F24A,0.1,B,CTCACGGTCACCGTGACCGCTGCGACCCTACTT,1
1,output,Vero,NS5 F24A,0.1,B,CTCACAGTCACCGTGACCGCGGCGACCCTACTT,1
1,input,Vero,NS5 F24A,,,CTGACCGTCACTGTAACTGCCGCTACTCTCCTT,22707
1,input,Vero,NS5 F24A,,,CTCACAGTCACCGTGACCGCTGCGACCCTACTT,5433
1,input,Vero,NS5 F24A,,,CTGACCGTCACTGTAACTGCCGCTACCCTCCTT,8
1,input,Vero,NS5 F24A,,,CTGACCGTCACTGTGACTGCCGCTACTCTCCTT,7
1,input,Vero,NS5 F24A,,,CTGACCGTCACTGTAACTGCCGCCACTCTCCTT,5
1,input,Vero,NS5 F24A,,,CTGACCGTCACCGTAACTGCCGCTACTCTCCTT,4
1,input,Vero,NS5 F24A,,,CTCACAGTCACCGTGACCGCTGCGACCCTCCTT,4
1,input,Vero,NS5 F24A,,,CTCACAGTCACCGTTACCGCTGCGACCCTACTT,3
1,input,Vero,NS5 F24A,,,CTGACAGTCACTGTAACTGCCGCTACTCTCCTT,3
1,input,Vero,NS5 F24A,,,CTGACCGTCACTGTAACTGCCGCTACTCTCCTC,3
1,input,Vero,NS5 F24A,,,CTCACAGTCACCGTAACCGCTGCGACCCTCCTT,3
1,input,Vero,NS5 F24A,,,CTCACAGTCACCGTGACCGCCGCGACCCTACTT,2
1,input,Vero,NS5 F24A,,,CTCACAGTCACCGTGACTGCTGCGACCCTACTT,2
1,input,Vero,NS5 F24A,,,CTCACAGTCACTGTGACCGCTGCGACCCTACTT,2
1,input,Vero,NS5 F24A,,,CTGACCGTCACTGTAACTGCTGCTACTCTCCTT,2
1,input,Vero,NS5 F24A,,,CTCACAGTCACCGTAACCGCTGCGACCCTACTT,2
1,input,Vero,NS5 F24A,,,CTGACTGTCACTGTAACTGCCGCTACTCTCCTT,1
1,input,Vero,NS5 F24A,,,CTGACCGTCACGGTAACGGCGGCAACCCTCCTT,1
1,input,Vero,NS5 F24A,,,CTCACAGTCACTGTAACTGCCGCTACTCTCCTT,1
1,input,Vero,NS5 F24A,,,CTGACCGTAACTGTAACTGCCGCTACTCTCCTT,1
1,input,Vero,NS5 F24A,,,CTAACCGTCACTGTAACTGCCGCTACTCTCCTT,1
1,input,Vero,NS5 F24A,,,CTCACCGTCACCGTGACCGCTGCGACCCTACTT,1
1,input,Vero,NS5 F24A,,,CTGACCGTCACGGTAACTGCCGCTACTCTCCTT,1
1,input,Vero,NS5 F24A,,,CTGACCGTCACTGTAACCGCCGCTACCCTCCTT,1
1,input,Vero,NS5 F24A,,,CTGACCGTCACTGTAACCGCCGCTACTCTCCTT,1
1,input,Vero,NS5 F24A,,,CTCACAGTTACCGTGACCGCTGCGACCCTACTT,1
1,output,Vero,NS5 F24A,10,A,CTCACAGTCACCGTGACCGCTGCGACCCTACTT,49787
1,output,Vero,NS5 F24A,10,A,CTGACCGTCACTGTAACTGCCGCTACTCTCCTT,1
1,output,Vero,NS5 F24A,10,B,CTCACAGTCACCGTGACCGCTGCGACCCTACTT,48129
1,output,Vero,NS5 F24A,10,B,CTGACCGTCACTGTAACTGCCGCTACTCTCCTT,4
1,output,Vero,NS5 E34A,0.1,A,CTCACAGTCACCGTGACCGCTGCGACCCTACTT,37583
1,output,Vero,NS5 E34A,0.1,A,CTGACCGTGACGGTTACTGCGGCTACCCTGCTT,763
1,output,Vero,NS5 E34A,0.1,A,CTCACAGTCACCGTGACCGCTGCGACCCTTCTT,4
1,output,Vero,NS5 E34A,0.1,A,CTCACAGTCACCGTGACCGCTGCGACTCTACTT,2
1,output,Vero,NS5 E34A,0.1,A,CTCACAGTCACCGTGACCGCTGCCACCCTACTT,2
1,output,Vero,NS5 E34A,0.1,A,CTTACAGTCACCGTGACCGCTGCGACCCTACTT,1
1,output,Vero,NS5 E34A,0.1,A,CTTACCGTTACCGTTACCGCCGCCACCCTTCTT,1
1,output,Vero,NS5 E34A,0.1,A,CTCACAGTCACCGTGACCGCTGCAACCCTACTT,1
1,output,Vero,NS5 E34A,0.1,A,CTGACTGTGACGGTTACTGCGGCTACCCTGCTT,1
1,output,Vero,NS5 E34A,0.1,A,CTCACAGTCACAGTGACCGCTGCGACCCTACTT,1
1,output,Vero,NS5 E34A,0.1,A,CTCACAGTCACGGTGACCGCTGCGACCCTACTT,1
1,output,Vero,NS5 E34A,0.1,A,CTGACCGTGACGGTTACTGCGGCTACCCTGCTC,1
1,output,Vero,NS5 E34A,0.1,A,CTGACAGTTACCGTAACCGCCGCAACCCTTCTT,1
1,output,Vero,NS5 E34A,0.1,A,CTGACCGTGACAGTTACTGCGGCTACCCTGCTT,1
1,output,Vero,NS5 E34A,0.1,A,CTGACAGTTACCGTAACCGCCGCAACCCTTCTA,1
1,output,Vero,NS5 E34A,0.1,A,CTCACAGTCACTGTGACCGCTGCGACCCTACTT,1
1,output,Vero,NS5 E34A,0.1,A,CTCACCGTCACCGTGACCGCTGCGACCCTACTT,1
1,output,Vero,NS5 E34A,0.1,B,CTCACAGTCACCGTGACCGCTGCGACCCTACTT,35525
1,output,Vero,NS5 E34A,0.1,B,CTGACCGTGACGGTTACTGCGGCTACCCTGCTT,670
1,output,Vero,NS5 E34A,0.1,B,CTCACAGTCACTGTGACCGCTGCGACCCTACTT,2
1,output,Vero,NS5 E34A,0.1,B,CTCACAGTCACCGTTACCGCTGCGACCCTACTT,2
1,output,Vero,NS5 E34A,0.1,B,CTCACAGTCACCGTGACCGCTGCGACCCTACTC,2
1,output,Vero,NS5 E34A,0.1,B,CTGACAGTGACGGTTACTGCGGCTACCCTGCTT,2
1,output,Vero,NS5 E34A,0.1,B,CTCACAGTCACCGTAACCGCTGCGACCCTACTT,2
1,output,Vero,NS5 E34A,0.1,B,CTCACAGTCACCGTGACTGCTGCTACCCTGCTT,1
1,output,Vero,NS5 E34A,0.1,B,CTGACCGTGACGGTTACCGCGGCTACCCTGCTT,1
1,output,Vero,NS5 E34A,0.1,B,CTGACCGTGACGGTTACTGCGGCTACCCTACTT,1
1,input,Vero,NS5 E34A,,,CTCACAGTCACCGTGACCGCTGCGACCCTACTT,16882
1,input,Vero,NS5 E34A,,,CTGACCGTGACGGTTACTGCGGCTACCCTGCTT,7965
1,input,Vero,NS5 E34A,,,CTGACCGTGACGGTTACTGCGGCTACCCTACTT,21
1,input,Vero,NS5 E34A,,,CTCACAGTCACCGTGACTGCTGCGACCCTACTT,10
1,input,Vero,NS5 E34A,,,CTCACAGTCACCGTGACCGCTGCTACCCTACTT,6
1,input,Vero,NS5 E34A,,,CTGACCGTGACGGTTACCGCGGCTACCCTGCTT,6
1,input,Vero,NS5 E34A,,,CTCACAGTCACCGTGACCGCTGCGACCCTGCTT,3
1,input,Vero,NS5 E34A,,,CTGACCGTGACGGTTACTGCTGCTACCCTGCTT,3
1,input,Vero,NS5 E34A,,,CTCACCGTCACCGTGACCGCTGCGACCCTACTT,3
1,input,Vero,NS5 E34A,,,CTGACAGTCACCGTGACCGCTGCGACCCTACTT,3
1,input,Vero,NS5 E34A,,,CTAACCGTCACAGTAACCGCAGCTACCCTGCTG,2
1,input,Vero,NS5 E34A,,,CTCACAGTCACCGTTACCGCTGCTACCCTACTT,2
1,input,Vero,NS5 E34A,,,CTCACAGTCACCGTAACCGCTGCGACCCTACTT,2
1,input,Vero,NS5 E34A,,,CTCACAGTTACCGTGACCGCTGCGACCCTACTT,2
1,input,Vero,NS5 E34A,,,CTCACAGTCACCGTGACCGCGGCGACCCTACTT,2
1,input,Vero,NS5 E34A,,,CTGACCGTCACGGTTACCGCGGCTACCCTGCTT,2
1,input,Vero,NS5 E34A,,,CTGACCGTCACCGTGACTGCTGCTACCCTACTT,1
1,input,Vero,NS5 E34A,,,CTCACCGTGACGGTTACTGCGGCTACCCTGCTT,1
1,input,Vero,NS5 E34A,,,CTGACCGTCACGGTGACCGCGGCGACCCTACTT,1
1,input,Vero,NS5 E34A,,,CTAACTGTTACGGTAACAGCTGCGACGCTTCTC,1
1,input,Vero,NS5 E34A,,,CTGACCGTGACGGTTACTGCGGCGACCCTGCTT,1
1,input,Vero,NS5 E34A,,,CTCACAGTCACGGTGACCGCTGCGACCCTACTT,1
1,input,Vero,NS5 E34A,,,CTTACAGTCACCGTGACCGCTGCGACCCTACTT,1
1,input,Vero,NS5 E34A,,,CTGACCGTCACGGTTACTGCGGCTACCCTACTT,1
1,input,Vero,NS5 E34A,,,CTCACAGTCACCGTGACCGCCGCGACCCTACTT,1
1,input,Vero,NS5 E34A,,,CTCACGGTCACCGTGACCGCTGCGACCCTACTT,1
1,input,Vero,NS5 E34A,,,CTCACCGTCACCGTGACCGCTGCTACCCTGCTT,1
1,input,Vero,NS5 E34A,,,CTCACAGTGACCGTGACCGCTGCGACCCTACTT,1
1,input,Vero,NS5 E34A,,,CTGACAGTGACGGTTACTGCGGCTACCCTGCTT,1
1,input,Vero,NS5 E34A,,,CTGACCGTGACGGTTACCGCTGCGACCCTACTT,1
1,input,Vero,NS5 E34A,,,CTGACCGTGACGGTTACCGCGGCTACCCTACTT,1
1,input,Vero,NS5 E34A,,,CTGACCGTGACGGTCACTGCGGCTACCCTGCTT,1
1,output,Vero,NS5 E34A,10,A,CTCACAGTCACCGTGACCGCTGCGACCCTACTT,49041
1,output,Vero,NS5 E34A,10,A,CTGACCGTGACGGTTACTGCGGCTACCCTGCTT,6
1,output,Vero,NS5 E34A,10,B,CTCACAGTCACCGTGACCGCTGCGACCCTACTT,49300
1,output,Vero,NS5 E34A,10,B,CTGACCGTGACGGTTACTGCGGCTACCCTGCTT,28
1,output,Vero,NS5 E34A,10,B,CTCACCGTCACCGTGACCGCTGCGACCCTACTT,2
2,output,CT,NS5 F24A,0.1,A,CTCACAGTCACCGTGACCGCTGCGACCCTACTT,14083
2,output,CT,NS5 F24A,0.1,A,CTGACCGTCACTGTAACTGCCGCTACTCTCCTT,660
2,output,CT,NS5 F24A,0.1,A,CTCACAGTCACCGTGACCGCTGCCACCCTACTT,4
2,output,CT,NS5 F24A,0.1,A,CTCACAGTCACCGTAACCGCTGCGACCCTACTT,4
2,output,CT,NS5 F24A,0.1,A,CTCACAGTCACCGTGACTGCTGCGACCCTACTT,4
2,output,CT,NS5 F24A,0.1,A,CTTACGGTGACCGTAACGGCAGCTACTCTACTC,2
2,output,CT,NS5 F24A,0.1,A,CTGACCGTTACTGTAACTGCCGCTACTCTCCTT,2
2,output,CT,NS5 F24A,0.1,A,CTGACCGTCACTGTAACAGCCGCTACTCTCCTT,1
2,output,CT,NS5 F24A,0.1,A,CTCACAGTCACCGTGACCGCCGCGACCCTACTT,1
2,output,CT,NS5 F24A,0.1,A,CTCACAGTCACCGTGACCGCTGCTACCCTACTT,1
2,output,CT,NS5 F24A,0.1,A,CTAACTGTAACTGTGACTGCAGCAACACTCCTG,1
2,output,CT,NS5 F24A,0.1,A,CTCACGGTCACCGTGACCGCTGCGACCCTACTT,1
2,output,CT,NS5 F24A,0.1,B,CTCACAGTCACCGTGACCGCTGCGACCCTACTT,19364
2,output,CT,NS5 F24A,0.1,B,CTGACCGTCACTGTAACTGCCGCTACTCTCCTT,679
2,output,CT,NS5 F24A,0.1,B,CTCACAGTCACTGTGACCGCTGCGACCCTACTT,4
2,output,CT,NS5 F24A,0.1,B,CTCACAGTCACCGTGACCGCCGCGACCCTACTT,3
2,output,CT,NS5 F24A,0.1,B,CTCACAGTCACCGTGACCGCTGCGACCCTACTC,2
2,output,CT,NS5 F24A,0.1,B,CTAACTGTTACGGTAACAGCTGCGACGCTTCTC,2
2,output,CT,NS5 F24A,0.1,B,CTCACGGTCACCGTGACCGCTGCGACCCTACTT,1
2,output,CT,NS5 F24A,0.1,B,CTCACAGTCACTGTAACTGCCGCTACTCTCCTT,1
2,output,CT,NS5 F24A,0.1,B,CTCACAGTCACCGTGACCGCTGCGACCCTCCTT,1
2,input,CT,NS5 F24A,,,CTGACCGTCACTGTAACTGCCGCTACTCTCCTT,39233
2,input,CT,NS5 F24A,,,CTCACAGTCACCGTGACCGCTGCGACCCTACTT,4132
2,input,CT,NS5 F24A,,,CTGACCGTCACTGTGACTGCCGCTACTCTCCTT,11
2,input,CT,NS5 F24A,,,CTCACAGTCACCGTGACCGCTGCGACCCTCCTT,8
2,input,CT,NS5 F24A,,,CTGACCGTCACTGTAACTGCTGCTACTCTCCTT,8
2,input,CT,NS5 F24A,,,CTGACCGTCACTGTAACTGCCGCTACCCTCCTT,7
2,input,CT,NS5 F24A,,,CTGACCGTCACCGTAACTGCCGCTACTCTCCTT,7
2,input,CT,NS5 F24A,,,CTGACCGTCACTGTAACTGCCGCTACTCTACTT,3
2,input,CT,NS5 F24A,,,CTGACCGTCACTGTAACTGCCGCCACTCTCCTT,3
2,input,CT,NS5 F24A,,,CTGACCGTCACTGTAACCGCCGCTACTCTCCTT,3
2,input,CT,NS5 F24A,,,CTCACAGTCACCGTGACCGCCGCGACCCTACTT,2
2,input,CT,NS5 F24A,,,CTGACCGTCACCGTGACCGCTGCGACCCTACTT,2
2,input,CT,NS5 F24A,,,CTGACCGTCACTGTAACTGCCGCTACTCTCCTC,2
2,input,CT,NS5 F24A,,,CTCACAGTCACTGTGACCGCTGCGACCCTACTT,2
2,input,CT,NS5 F24A,,,CTCACAGTCACCGTAACCGCTGCGACCCTCCTT,2
2,input,CT,NS5 F24A,,,CTCACCGTCACCGTGACCGCTGCGACCCTACTT,2
2,input,CT,NS5 F24A,,,CTGACCGTCACTGTAACTGCCGCTACTCTTCTT,2
2,input,CT,NS5 F24A,,,CTGACCGTCACTGTAACTGCAGCTACTCTCCTT,1
2,input,CT,NS5 F24A,,,CTGACAGTCACTGTGACTGCCGCTACTCTCCTT,1
2,input,CT,NS5 F24A,,,CTCACAGTCACCGTGACCGCTGCTACCCTACTT,1
2,input,CT,NS5 F24A,,,CTGACCGTTACTGTAACTGCCGCTACTCTCCTT,1
2,input,CT,NS5 F24A,,,CTCACAGTCACCGTGACCGCAGCGACCCTACTT,1
2,input,CT,NS5 F24A,,,CTGACAGTTACCGTAACCGCCGCAACCCTTCTA,1
2,input,CT,NS5 F24A,,,CTGACCGTCACTGTAACTGCTGCTACCCTCCTT,1
2,input,CT,NS5 F24A,,,CTCACCGTCACTGTAACCGCCGCTACTCTCCTT,1
2,input,CT,NS5 F24A,,,CTGACAGTCACCGTAACTGCCGCGACCCTCCTT,1
2,input,CT,NS5 F24A,,,CTCACAGTCACCGTGACCGCTGCGACCCTACTC,1
2,input,CT,NS5 F24A,,,CTCACAGTCACCGTGACCGCCGCGACCCTCCTT,1
2,input,CT,NS5 F24A,,,CTGACCGTCACTGTAACTGCCGCTACACTCCTT,1
2,input,CT,NS5 F24A,,,CTGACAGTCACCGTAACCGCCGCGACCCTACTT,1
2,input,CT,NS5 F24A,,,CTGACTGTCACTGTAACTGCCGCTACTCTCCTT,1
2,input,CT,NS5 F24A,,,CTGACCGTCACTGTAACCGCTGCGACCCTACTT,1
2,input,CT,NS5 F24A,,,CTGACAGTCACCGTGACCGCTGCGACCCTACTT,1
2,input,CT,NS5 F24A,,,CTGACCGTCACCGTGACTGCTGCTACCCTACTT,1
2,input,CT,NS5 F24A,,,CTGACAGTCACTGTAACTGCCGCTACTCTCCTT,1
2,input,CT,NS5 F24A,,,CTCACAGTCACCGTGACTGCTGCGACCCTACTT,1
2,input,CT,NS5 F24A,,,CTCACAGTCACTGTGACCGCTGCGACCCTCCTT,1
2,input,CT,NS5 F24A,,,CTGACCGTCACTGTAACTGCGGCTACTCTCCTT,1
2,output,CT,NS5 F24A,10,A,CTCACAGTCACCGTGACCGCTGCGACCCTACTT,46921
2,output,CT,NS5 F24A,10,A,CTGACCGTCACTGTAACTGCCGCTACTCTCCTT,1115
2,output,CT,NS5 F24A,10,A,CTCACAGTCACTGTAACTGCCGCTACTCTCCTT,7
2,output,CT,NS5 F24A,10,A,CTCACAGTCACTGTGACCGCTGCGACCCTACTT,3
2,output,CT,NS5 F24A,10,A,CTCACAGTCACCGTGACTGCTGCGACCCTACTT,2
2,output,CT,NS5 F24A,10,A,CTGACCGTCACTGTAACCGCCGCTACTCTCCTT,2
2,output,CT,NS5 F24A,10,A,CTCACAGTCACCGTGACCGCCGCGACCCTACTT,2
2,output,CT,NS5 F24A,10,A,CTCACAGTCACCGTGACCGCTGCGACCCTCCTT,2
2,output,CT,NS5 F24A,10,A,CTGACCGTCACTGTGACTGCCGCTACTCTCCTT,2
2,output,CT,NS5 F24A,10,A,CTGACAGTCACCGTAACCGCCGCGACCCTACTT,1
2,output,CT,NS5 F24A,10,A,CTCACAGTCACCGTGACCGCTGCAACCCTACTT,1
2,output,CT,NS5 F24A,10,A,CTGACAGTCACCGTGACCGCTGCGACCCTACTT,1
2,output,CT,NS5 F24A,10,A,CTGACCGTCACTGTAACTGCTGCTACTCTCCTT,1
2,output,CT,NS5 F24A,10,A,CTGACCGTCACTGTAACCGCTGCTACCCTACTT,1
2,output,CT,NS5 F24A,10,A,CTGACAGTCACTGTAACTGCCGCTACTCTCCTT,1
2,output,CT,NS5 F24A,10,A,CTCACAGTCACCGTGACCGCCGCTACTCTCCTT,1
2,output,CT,NS5 F24A,10,A,CTGACCGTCACTGTGACCGCTGCGACCCTACTT,1
2,output,CT,NS5 F24A,10,A,CTCACCGTCACCGTGACCGCTGCGACCCTACTT,1
2,output,CT,NS5 F24A,10,A,CTCACAGTCACCGTGACCGCTGCGACTCTACTT,1
2,output,CT,NS5 F24A,10,A,CTGACAGTCACCGTAACCGCCGCTACCCTCCTT,1
2,output,CT,NS5 F24A,10,A,CTGACCGTCACTGTAACTGCCGCTACCCTCCTT,1
2,output,CT,NS5 F24A,10,B,CTCACAGTCACCGTGACCGCTGCGACCCTACTT,43382
2,output,CT,NS5 F24A,10,B,CTGACCGTCACTGTAACTGCCGCTACTCTCCTT,1946
2,output,CT,NS5 F24A,10,B,CTCACAGTCACTGTGACCGCTGCGACCCTACTT,7
2,output,CT,NS5 F24A,10,B,CTCACAGTCACCGTGACCGCTGCGACCCTCCTT,6
2,output,CT,NS5 F24A,10,B,CTCACCGTCACCGTGACCGCTGCGACCCTACTT,5
2,output,CT,NS5 F24A,10,B,CTCACAGTCACCGTAACCGCTGCGACCCTACTT,3
2,output,CT,NS5 F24A,10,B,CTCACAGTCACCGTGACCGCTGCGACCCTACTC,3
2,output,CT,NS5 F24A,10,B,CTCACAGTCACTGTAACTGCCGCTACTCTCCTT,3
2,output,CT,NS5 F24A,10,B,CTCACAGTCACCGTGACCGCCGCGACCCTACTT,3
2,output,CT,NS5 F24A,10,B,CTCACAGTCACCGTGACCGCTGCTACCCTACTT,2
2,output,CT,NS5 F24A,10,B,CTGACCGTCACCGTAACTGCCGCTACTCTCCTT,2
2,output,CT,NS5 F24A,10,B,CTGACCGTCACTGTGACTGCCGCTACTCTCCTT,2
2,output,CT,NS5 F24A,10,B,CTCACCGTCACCGTGACCGCCGCGACCCTACTT,1
2,output,CT,NS5 F24A,10,B,CTCACAGTAACCGTGACCGCTGCGACCCTACTT,1
2,output,CT,NS5 F24A,10,B,CTGACCGTCACCGTAACCGCCGCTACCCTCCTT,1
2,output,CT,NS5 F24A,10,B,CTGACCGTCACTGTAACTGCTGCTACTCTCCTT,1
2,output,CT,NS5 F24A,10,B,CTGACCGTCACTGTAACCGCCGCTACTCTCCTT,1
2,output,CT,NS5 F24A,10,B,CTCACAGTCACCGTGACTGCTGCGACCCTCCTT,1
2,output,CT,NS5 F24A,10,B,CTCACAGTCACCGTGACCGCTGCGACCCTACTG,1
2,output,CT,NS5 F24A,10,B,CTCACAGTCACCGTAACTGCCGCTACTCTCCTT,1
2,output,CT,NS5 F24A,10,B,CTGACCGTCACTGTAACTGCCGCTACCCTCCTT,1
2,output,CT,NS5 F24A,10,B,CTCACAGTCACCGTGACCGCTGCGACTCTACTT,1
2,output,CT,NS5 F24A,10,B,CTCACAGTCACCGTAACCGCTGCGACCCTCCTT,1
2,output,CT,NS5 F24A,10,B,CTGACAGTCACTGTAACTGCCGCTACTCTCCTT,1
2,output,CT,NS5 F24A,10,B,CTCACGGTCACCGTGACCGCTGCGACCCTACTT,1
2,output,CT,NS5 F24A,10,B,CTAACGGTCACGGTAACGGCGGCAACCCTCCTT,1
2,output,CT,NS5 F24A,10,B,CTCACAGTCACCGTGACTGCTGCGACCCTACTT,1
2,output,CT,NS5 F24A,10,B,CTCACAGTCACCGTGACCGCTGCAACCCTACTT,1
2,output,CT,NS5 F24A,10,B,CTGACCGTCACTGTAACTGCCGCGACTCTCCTT,1
2,output,CT,NS5 F24A,10,B,CTCACAGTCACCGTGACCGCCGCTACTCTCCTT,1
2,output,CT,NS5 E34A,0.1,A,CTCACAGTCACCGTGACCGCTGCGACCCTACTT,3955
2,output,CT,NS5 E34A,0.1,A,CTGACCGTGACGGTTACTGCGGCTACCCTGCTT,813
2,output,CT,NS5 E34A,0.1,A,CTCACAGTCACCGTAACCGCTGCGACCCTACTT,2
2,output,CT,NS5 E34A,0.1,A,CTGACCGTGACGGTCACTGCGGCTACCCTGCTT,1
2,output,CT,NS5 E34A,0.1,A,CTCACAGTCACTGTGACCGCTGCGACCCTACTT,1
2,output,CT,NS5 E34A,0.1,A,CTCACAGTCACCGTGACCGCTGCCACCCTACTT,1
2,output,CT,NS5 E34A,0.1,A,CTCACAGTCACCGTGACCGCTGCGACCCTACTC,1
2,output,CT,NS5 E34A,0.1,A,CTCACAGTCACGGTGACCGCGGCGACCCTACTT,1
2,output,CT,NS5 E34A,0.1,B,CTCACAGTCACCGTGACCGCTGCGACCCTACTT,6285
2,output,CT,NS5 E34A,0.1,B,CTGACCGTGACGGTTACTGCGGCTACCCTGCTT,1026
2,output,CT,NS5 E34A,0.1,B,CTAACCGTCACAGTAACCGCAGCTACCCTGCTG,1
2,output,CT,NS5 E34A,0.1,B,CTAACTGTTACGGTAACAGCTGCGACGCTTCTC,1
2,output,CT,NS5 E34A,0.1,B,CTGACCGTGACCGTTACTGCGGCTACCCTGCTT,1
2,input,CT,NS5 E34A,,,CTCACAGTCACCGTGACCGCTGCGACCCTACTT,18105
2,input,CT,NS5 E34A,,,CTGACCGTGACGGTTACTGCGGCTACCCTGCTT,14566
2,input,CT,NS5 E34A,,,CTGACCGTGACGGTTACTGCGGCTACCCTACTT,21
2,input,CT,NS5 E34A,,,CTCACAGTCACCGTGACTGCTGCGACCCTACTT,6
2,input,CT,NS5 E34A,,,CTGACCGTGACGGTTACCGCGGCTACCCTGCTT,4
2,input,CT,NS5 E34A,,,CTCACCGTCACCGTGACCGCTGCGACCCTACTT,3
2,input,CT,NS5 E34A,,,CTCACAGTCACCGTGACCGCTGCTACCCTACTT,3
2,input,CT,NS5 E34A,,,CTGACCGTCACGGTTACTGCGGCTACCCTGCTT,3
2,input,CT,NS5 E34A,,,CTCACAGTCACTGTGACCGCTGCGACCCTACTT,3
2,input,CT,NS5 E34A,,,CTGACCGTGACGGTCACTGCGGCTACCCTGCTT,3
2,input,CT,NS5 E34A,,,CTGACTGTGACGGTTACTGCGGCTACCCTGCTT,2
2,input,CT,NS5 E34A,,,CTGACCGTGACCGTTACTGCGGCTACCCTGCTT,2
2,input,CT,NS5 E34A,,,CTCACTGTCACTGTCACCGCCGCCACCCTTCTT,2
2,input,CT,NS5 E34A,,,CTGACCGTGACCGTTACCGCTGCGACCCTACTT,2
2,input,CT,NS5 E34A,,,CTCACAGTCACGGTGACCGCGGCGACCCTACTT,2
2,input,CT,NS5 E34A,,,CTGACCGTGACGGTTACCGCGGCTACCCTACTT,2
2,input,CT,NS5 E34A,,,CTCACAGTCACCGTGACCGCTGCGACCCTGCTT,2
2,input,CT,NS5 E34A,,,CTCACAGTCACGGTGACCGCTGCGACCCTACTT,2
2,input,CT,NS5 E34A,,,CTCACAGTCACCGTGACCGCTGCGACCCTACTC,2
2,input,CT,NS5 E34A,,,CTGACCGTGACGGTTACTGCGGCGACCCTACTT,1
2,input,CT,NS5 E34A,,,CTCACAGTCACCGTGACCGCGGCGACCCTACTT,1
2,input,CT,NS5 E34A,,,CTGACCGTGACTGTTACTGCGGCTACCCTGCTT,1
2,input,CT,NS5 E34A,,,CTCACAGTTACCGTGACCGCTGCGACCCTACTT,1
2,input,CT,NS5 E34A,,,CTAACTGTTACGGTAACAGCTGCGACCCTTCTT,1
2,input,CT,NS5 E34A,,,CTCACAGTCACCGTTACCGCTGCGACCCTACTT,1
2,input,CT,NS5 E34A,,,CTCACAGTCACCGTTACCGCTGCTACCCTACTT,1
2,input,CT,NS5 E34A,,,CTCACAGTCACCGTGACCGCTGCTACCCTGCTT,1
2,input,CT,NS5 E34A,,,CTGACCGTGACGGTGACTGCGGCTACCCTGCTT,1
2,input,CT,NS5 E34A,,,CTAACCGTGACGGTTACTGCGGCTACCCTGCTT,1
2,input,CT,NS5 E34A,,,CTGACCGTCACCGTGACCGCTGCGACCCTACTT,1
2,input,CT,NS5 E34A,,,CTAACGGTAACGGTAACGGCGGCAACCCTCCTT,1
2,input,CT,NS5 E34A,,,CTAACCGTCACAGTAACCGCAGCTACCCTGCTG,1
2,input,CT,NS5 E34A,,,CTCACCGTCACGGTGACCGCTGCGACCCTACTT,1
2,input,CT,NS5 E34A,,,CTGACAGTGACGGTTACTGCGGCTACCCTGCTT,1
2,input,CT,NS5 E34A,,,CTCACAGTCACCGTAACCGCTGCGACCCTACTT,1
2,input,CT,NS5 E34A,,,CTGACCGTGACGGTTACTGCTGCTACCCTGCTT,1
2,input,CT,NS5 E34A,,,CTCACAGTCACCGTGACCGCTGCAACCCTACTT,1
2,input,CT,NS5 E34A,,,CTAACGGTCACGGTAACGGCGGCAACCCTCCTT,1
2,input,CT,NS5 E34A,,,CTGACCGTCACCGTGACTGCTGCTACCCTACTT,1
2,input,CT,NS5 E34A,,,CTCACAGTCACCGTGACCGCGGCTACCCTGCTT,1
2,input,CT,NS5 E34A,,,CTCACAGTCACCGTGACCGCCGCGACCCTACTT,1
2,output,CT,NS5 E34A,10,A,CTCACAGTCACCGTGACCGCTGCGACCCTACTT,45508
2,output,CT,NS5 E34A,10,A,CTGACCGTGACGGTTACTGCGGCTACCCTGCTT,956
2,output,CT,NS5 E34A,10,A,CTGACCGTGACGGTTACTGCGGCTACCCTACTT,4
2,output,CT,NS5 E34A,10,A,CTCACAGTCACCGTGACCGCCGCGACCCTACTT,3
2,output,CT,NS5 E34A,10,A,CTCACAGTCACCGTGACCGCGGCGACCCTACTT,2
2,output,CT,NS5 E34A,10,A,CTCACAGTCACCGTAACCGCTGCGACCCTACTT,1
2,output,CT,NS5 E34A,10,A,CTCACAGTCACGGTGACCGCGGCGACCCTACTT,1
2,output,CT,NS5 E34A,10,A,CTGACCGTCACCGTGACTGCTGCTACCCTACTT,1
2,output,CT,NS5 E34A,10,A,CTCACAGTCACCGTTACCGCTGCGACCCTACTT,1
2,output,CT,NS5 E34A,10,A,CTCACAGTCACCGTGACCGCGGCTACCCTGCTT,1
2,output,CT,NS5 E34A,10,A,CTCACCGTCACCGTGACCGCTGCGACCCTACTT,1
2,output,CT,NS5 E34A,10,A,CTCACAGTCACCGTGACCGCTGCGACCCTACTC,1
2,output,CT,NS5 E34A,10,A,CTCACGGTCACCGTGACCGCTGCGACCCTACTT,1
2,output,CT,NS5 E34A,10,B,CTCACAGTCACCGTGACCGCTGCGACCCTACTT,47708
2,output,CT,NS5 E34A,10,B,CTGACCGTGACGGTTACTGCGGCTACCCTGCTT,1664
2,output,CT,NS5 E34A,10,B,CTGACCGTGACGGTTACTGCGGCTACCCTACTT,6
2,output,CT,NS5 E34A,10,B,CTCACAGTCACCGTGACCGCTGCGACCCTGCTT,3
2,output,CT,NS5 E34A,10,B,CTCACAGTCACCGTGACTGCTGCGACCCTACTT,3
2,output,CT,NS5 E34A,10,B,CTGACCGTGACGGTTACCGCGGCTACCCTGCTT,2
2,output,CT,NS5 E34A,10,B,CTCACAGTCACCGTGACCGCTGCTACCCTACTT,2
2,output,CT,NS5 E34A,10,B,CTCACAGTCACCGTAACCGCTGCGACCCTACTT,2
2,output,CT,NS5 E34A,10,B,CTCACCGTCACCGTGACCGCTGCGACCCTACTT,2
2,output,CT,NS5 E34A,10,B,CTCACAGTCACGGTGACCGCTGCGACCCTACTT,1
2,output,CT,NS5 E34A,10,B,CTCACAGTCACGGTGACCGCGGCGACCCTACTT,1
2,output,CT,NS5 E34A,10,B,CTCACAGTCACCGTGACCGCGGCGACCCTACTT,1
2,output,CT,NS5 E34A,10,B,CTCACCGTCACGGTGACTGCGGCGACCCTACTT,1
2,output,CT,NS5 E34A,10,B,CTCACAGTCACCGTGACCGCGGCTACCCTGCTT,1
2,output,CT,NS5 E34A,10,B,CTGACCGTGACGGTTACTGCTGCTACCCTACTT,1
2,output,CT,NS5 E34A,10,B,CTGACCGTGACGGTTACTGCTGCTACCCTGCTT,1
2,input,Vero,NS3 S412A,,,CTGACCGTAACGGTCACCGCGGCAACTCTACTG,13245
2,input,Vero,NS3 S412A,,,CTCACAGTCACCGTGACCGCTGCGACCCTACTT,10706
2,input,Vero,NS3 S412A,,,CTGACCGTCACGGTCACCGCGGCAACTCTACTG,13
2,input,Vero,NS3 S412A,,,CTGACCGTAACGGTCACCGCGGCAACTCTACTT,13
2,input,Vero,NS3 S412A,,,CTGACCGTAACGGTCACCGCGGCAACCCTACTG,9
2,input,Vero,NS3 S412A,,,CTGACCGTAACGGTCACCGCGGCAACCCTACTT,8
2,input,Vero,NS3 S412A,,,CTCACCGTCACCGTGACCGCTGCGACCCTACTT,5
2,input,Vero,NS3 S412A,,,CTGACCGTAACGGTCACCGCTGCAACTCTACTG,3
2,input,Vero,NS3 S412A,,,CTGACCGTAACGGTCACTGCGGCAACTCTACTG,3
2,input,Vero,NS3 S412A,,,CTGACCGTAACGGTCACCGCTGCGACCCTACTT,3
2,input,Vero,NS3 S412A,,,CTGACCGTCACGGTCACCGCGGCAACTCTACTT,2
2,input,Vero,NS3 S412A,,,CTCACAGTCACGGTGACCGCTGCGACCCTACTT,2
2,input,Vero,NS3 S412A,,,CTGACCGTAACAGTCACCGCGGCAACTCTACTG,2
2,input,Vero,NS3 S412A,,,CTAACAGTCACCGTGACCGCTGCGACCCTACTT,2
2,input,Vero,NS3 S412A,,,CTCACAGTCACCGTGACCGCTGCGACCCTACTC,2
2,input,Vero,NS3 S412A,,,CTCACAGTCACCGTGACCGCTGCGACCCTACTG,2
2,input,Vero,NS3 S412A,,,CTGACCGTAACGGTCACAGCGGCAACTCTACTG,1
2,input,Vero,NS3 S412A,,,CTGACCGTCACCGTGACCGCTGCGACTCTACTT,1
2,input,Vero,NS3 S412A,,,CTCACAGTAACCGTGACCGCTGCGACCCTACTT,1
2,input,Vero,NS3 S412A,,,CTGACCGTAACCGTCACCGCGGCAACTCTACTG,1
2,input,Vero,NS3 S412A,,,CTCACAGTCACCGTAACCGCTGCGACCCTACTT,1
2,input,Vero,NS3 S412A,,,CTGACCGTGACGGTTACTGCGGCTACCCTGCTT,1
2,input,Vero,NS3 S412A,,,CTCACAGTCACCGTGACCGCTGCGACCCTGCTT,1
2,input,Vero,NS3 S412A,,,CTGACCGTAACGGTCACCGCGGCGACTCTACTT,1
2,input,Vero,NS3 S412A,,,CTGACCGTAACGGTCACCGCGGCAACTCTACTA,1
2,input,Vero,NS3 S412A,,,CTGACAGTCACCGTGACCGCTGCGACCCTACTT,1
2,input,Vero,NS3 S412A,,,CTCACAGTCACCGTGACCGCTGCAACCCTACTT,1
2,input,Vero,NS3 S412A,,,CTCACCGTCACGGTCACCGCGGCAACTCTACTT,1
2,input,Vero,NS3 S412A,,,CTCACAGTCACAGTGACCGCTGCGACCCTACTT,1
2,input,Vero,NS3 S412A,,,CTGACCGTAACGGTCACCGCAGCAACTCTACTG,1
2,input,Vero,NS3 S412A,,,CTCACTGTCACCGTGACCGCTGCGACCCTACTT,1
2,input,Vero,NS3 S412A,,,CTGACCGTCACGGTGACCGCGGCGACCCTACTT,1
2,input,Vero,NS3 S412A,,,CTCACAGTCACCGTGACCGCTGCGACTCTACTT,1
2,output,Vero,NS3 S412A,10,A,CTCACAGTCACCGTGACCGCTGCGACCCTACTT,45965
2,output,Vero,NS3 S412A,10,A,CTGACCGTAACGGTCACCGCGGCAACTCTACTG,102
2,output,Vero,NS3 S412A,10,A,CTCACAGTCACCGTGACCGCTGCAACCCTACTT,1
2,output,Vero,NS3 S412A,10,A,CTCACAGTCACCGTGACCGCTGCGACCCTACTG,1
2,output,Vero,NS3 S412A,10,A,CTCACAGTCACCGTGACCGCTGCGACTCTACTT,1
2,output,Vero,NS3 S412A,10,B,CTCACAGTCACCGTGACCGCTGCGACCCTACTT,46488
2,output,Vero,NS3 S412A,10,B,CTGACCGTAACGGTCACCGCGGCAACTCTACTG,111
2,output,Vero,NS3 S412A,10,B,CTCACCGTCACCGTGACCGCTGCGACCCTACTT,3
2,output,Vero,NS3 S412A,10,B,CTGACCGTCACGGTCACCGCGGCAACTCTACTT,1
2,output,Vero,NS3 S412A,0.1,A,CTCACAGTCACCGTGACCGCTGCGACCCTACTT,13687
2,output,Vero,NS3 S412A,0.1,A,CTGACCGTAACGGTCACCGCGGCAACTCTACTG,2282
2,output,Vero,NS3 S412A,0.1,A,CTCACAGTCACCGTGACCGCTGCAACCCTACTT,6
2,output,Vero,NS3 S412A,0.1,A,CTCACAGTCACTGTGACCGCTGCGACCCTACTT,5
2,output,Vero,NS3 S412A,0.1,A,CTCACAGTCACCGTGACCGCTGCGACTCTACTT,4
2,output,Vero,NS3 S412A,0.1,A,CTCACAGTCACCGTGACCGCTGCGACCCTACTC,3
2,output,Vero,NS3 S412A,0.1,A,CTCACGGTCACCGTGACCGCTGCGACCCTACTT,3
2,output,Vero,NS3 S412A,0.1,A,CTCACAGTCACAGTGACCGCTGCGACCCTACTT,3
2,output,Vero,NS3 S412A,0.1,A,CTCACAGTCACCGTGACCGCGGCGACCCTACTT,2
2,output,Vero,NS3 S412A,0.1,A,CTGACCGTGACGGTTACTGCGGCTACCCTGCTT,1
2,output,Vero,NS3 S412A,0.1,A,CTCACAGTCACCGTAACCGCTGCGACCCTACTT,1
2,output,Vero,NS3 S412A,0.1,A,CTCACAGTCACCGTGACCGCTGCGACCCTTCTT,1
2,output,Vero,NS3 S412A,0.1,A,CTCACAGTCACCGTGACCGCTGCGACCCTGCTT,1
2,output,Vero,NS3 S412A,0.1,A,CTGACCGTCACTGTAACTGCCGCTACTCTCCTT,1
2,output,Vero,NS3 S412A,0.1,A,CTTACAGTCACCGTGACCGCTGCGACCCTACTT,1
2,output,Vero,NS3 S412A,0.1,A,CTGACCGTAACGGTTACCGCGGCAACTCTACTG,1
2,output,Vero,NS3 S412A,0.1,B,CTCACAGTCACCGTGACCGCTGCGACCCTACTT,12828
2,output,Vero,NS3 S412A,0.1,B,CTGACCGTAACGGTCACCGCGGCAACTCTACTG,2197
2,output,Vero,NS3 S412A,0.1,B,CTCACAGTCACCGTGACCGCTGCGACCCTACTC,4
2,output,Vero,NS3 S412A,0.1,B,CTCACAGTCACCGTGACCGCCGCGACCCTACTT,4
2,output,Vero,NS3 S412A,0.1,B,CTGACCGTCACTGTAACTGCCGCTACTCTCCTT,3
2,output,Vero,NS3 S412A,0.1,B,CTCACAGTCACCGTGACCGCGGCGACCCTACTT,2
2,output,Vero,NS3 S412A,0.1,B,CTCACAGTCACTGTGACCGCTGCGACCCTACTT,2
2,output,Vero,NS3 S412A,0.1,B,CTCACAGTCACCGTAACCGCTGCGACCCTACTT,2
2,output,Vero,NS3 S412A,0.1,B,CTTACAGTCACCGTGACCGCTGCGACCCTACTT,1
2,output,Vero,NS3 S412A,0.1,B,CTCACCGTCACCGTGACCGCTGCGACCCTACTT,1
2,output,Vero,NS3 S412A,0.1,B,CTCACAGTCACCGTGACCGCTGCGACCCTCCTT,1
2,output,Vero,NS3 S412A,0.1,B,CTCACAGTCACCGTGACCGCTGCGACCCTGCTT,1
2,output,Vero,NS3 S412A,0.1,B,CTCACAGTTACCGTGACCGCTGCGACCCTACTT,1
2,output,Vero,NS3 S412A,0.1,B,CTAACTGTTACGGTAACAGCTGCGACGCTTCTC,1
2,output,Vero,NS5 F24A,0.1,A,CTCACAGTCACCGTGACCGCTGCGACCCTACTT,38898
2,output,Vero,NS5 F24A,0.1,A,CTGACCGTCACTGTAACTGCCGCTACTCTCCTT,13
2,output,Vero,NS5 F24A,0.1,A,CTCACAGTCACCGTGACCGCTGCGACCCTACTC,2
2,output,Vero,NS5 F24A,0.1,A,CTCACAGTCACTGTGACCGCTGCGACCCTACTT,2
2,output,Vero,NS5 F24A,0.1,A,CTCACAGTCACCGTGACCGCTGCGACTCTACTT,1
2,output,Vero,NS5 F24A,0.1,A,CTCACAGTCACCGTGACCGCGGCGACCCTACTT,1
2,output,Vero,NS5 F24A,0.1,B,CTCACAGTCACCGTGACCGCTGCGACCCTACTT,35651
2,output,Vero,NS5 F24A,0.1,B,CTGACCGTCACTGTAACTGCCGCTACTCTCCTT,21
2,output,Vero,NS5 F24A,0.1,B,CTCACAGTCACCGTGACTGCTGCGACCCTACTT,4
2,output,Vero,NS5 F24A,0.1,B,CTCACAGTCACCGTAACCGCTGCGACCCTACTT,2
2,output,Vero,NS5 F24A,0.1,B,CTCACAGTCACTGTGACCGCTGCGACCCTACTT,2
2,output,Vero,NS5 F24A,0.1,B,CTCACAGTCACCGTTACCGCTGCGACCCTACTT,2
2,output,Vero,NS5 F24A,0.1,B,CTTACAGTCACCGTGACCGCTGCGACCCTACTT,1
2,output,Vero,NS5 F24A,0.1,B,CTCACAGTCACCGTGACCGCAGCGACCCTACTT,1
2,output,Vero,NS5 F24A,0.1,B,CTCACAGTCACCGTGACCGCCGCGACCCTACTT,1
2,output,Vero,NS5 F24A,0.1,B,CTCACAGTCACCGTGACCGCTGCGACCCTGCTT,1
2,output,Vero,NS5 F24A,0.1,B,CTCACGGTCACCGTGACCGCTGCGACCCTACTT,1
2,input,Vero,NS5 F24A,,,CTGACCGTCACTGTAACTGCCGCTACTCTCCTT,27028
2,input,Vero,NS5 F24A,,,CTCACAGTCACCGTGACCGCTGCGACCCTACTT,4415
2,input,Vero,NS5 F24A,,,CTGACCGTCACTGTGACTGCCGCTACTCTCCTT,10
2,input,Vero,NS5 F24A,,,CTGACCGTCACTGTAACTGCCGCCACTCTCCTT,7
2,input,Vero,NS5 F24A,,,CTGACCGTCACCGTAACTGCCGCTACTCTCCTT,5
2,input,Vero,NS5 F24A,,,CTGACCGTCACTGTAACTGCCGCTACCCTCCTT,4
2,input,Vero,NS5 F24A,,,CTCACAGTCACCGTGACTGCTGCGACCCTACTT,3
2,input,Vero,NS5 F24A,,,CTCACAGTCACCGTAACCGCTGCTACCCTACTT,3
2,input,Vero,NS5 F24A,,,CTGACCGTCACTGTAACTGCTGCTACTCTCCTT,3
2,input,Vero,NS5 F24A,,,CTCACAGTCACCGTAACCGCTGCGACCCTACTT,3
2,input,Vero,NS5 F24A,,,CTCACCGTCACCGTGACCGCTGCGACCCTACTT,3
2,input,Vero,NS5 F24A,,,CTGACCGTCACTGTAACTGCCGCTACTCTCCTC,2
2,input,Vero,NS5 F24A,,,CTCACAGTCACCGTGACCGCTGCGACCCTCCTT,2
2,input,Vero,NS5 F24A,,,CTGACCGTCACCGTGACCGCTGCGACCCTACTT,2
2,input,Vero,NS5 F24A,,,CTCACAGTCACCGTGACCGCCGCGACCCTACTT,2
2,input,Vero,NS5 F24A,,,CTGACCGTCACTGTAACCGCCGCTACTCTCCTT,2
2,input,Vero,NS5 F24A,,,CTCACAGTCACTGTGACCGCTGCGACCCTACTT,2
2,input,Vero,NS5 F24A,,,CTCACAGTCACCGTGACCGCCGCTACCCTCCTT,1
2,input,Vero,NS5 F24A,,,CTCACAGTCACCGTAACCGCTGCGACCCTCCTT,1
2,input,Vero,NS5 F24A,,,CTGACAGTTACCGTAACCGCCGCAACCCTTCTA,1
2,input,Vero,NS5 F24A,,,CTCACCGTCACTGTAACTGCCGCTACTCTCCTT,1
2,input,Vero,NS5 F24A,,,CTCACGGTCACCGTGACCGCTGCGACCCTACTT,1
2,input,Vero,NS5 F24A,,,CTGACCGTCACTGTAACTGCAGCTACTCTCCTT,1
2,input,Vero,NS5 F24A,,,CTGACCGTCACTGTAACCGCCGCTACTCTACTT,1
2,input,Vero,NS5 F24A,,,CTCACAGTCACCGTGACCGCTGCTACCCTCCTT,1
2,input,Vero,NS5 F24A,,,CTCACAGTCACCGTGACCGCCGCTACTCTCCTT,1
2,input,Vero,NS5 F24A,,,CTCACAGTCACCGTGACCGCTGCTACCCTACTT,1
2,input,Vero,NS5 F24A,,,CTGACCGTCACCGTGACCGCTGCGACTCTACTT,1
2,input,Vero,NS5 F24A,,,CTGACCGTCACGGTAACTGCGGCTACCCTCCTT,1
2,output,Vero,NS5 F24A,10,A,CTCACAGTCACCGTGACCGCTGCGACCCTACTT,47236
2,output,Vero,NS5 F24A,10,B,CTCACAGTCACCGTGACCGCTGCGACCCTACTT,47318
2,output,Vero,NS5 E34A,0.1,A,CTCACAGTCACCGTGACCGCTGCGACCCTACTT,30036
2,output,Vero,NS5 E34A,0.1,A,CTGACCGTGACGGTTACTGCGGCTACCCTGCTT,2224
2,output,Vero,NS5 E34A,0.1,A,CTCACAGTTACCGTGACCGCTGCGACCCTACTT,3
2,output,Vero,NS5 E34A,0.1,A,CTCACAGTCACCGTGACCGCTGCGACCCTACTC,2
2,output,Vero,NS5 E34A,0.1,A,CTCACAGTCACCGTGACCGCCGCGACCCTACTT,2
2,output,Vero,NS5 E34A,0.1,A,CTTACAGTCACCGTGACCGCTGCGACCCTACTT,1
2,output,Vero,NS5 E34A,0.1,A,CTCACGGTCACCGTGACCGCTGCGACCCTACTT,1
2,output,Vero,NS5 E34A,0.1,A,CTCACAGTCACCGTGACCGCTGCGACCCTGCTT,1
2,output,Vero,NS5 E34A,0.1,A,CTCACAGTCACTGTGACCGCTGCGACCCTACTT,1
2,output,Vero,NS5 E34A,0.1,A,CTGACCGTGACGGTTACTGCGGCTACCCTGCTC,1
2,output,Vero,NS5 E34A,0.1,A,CTGACAGTTACCGTAACCGCCGCAACCCTTCTA,1
2,output,Vero,NS5 E34A,0.1,A,CTGACCGTGACGGTTACTGCGGCTACTCTGCTT,1
2,output,Vero,NS5 E34A,0.1,A,CTGACCGTGACGGTTACTGCTGCTACCCTGCTT,1
2,output,Vero,NS5 E34A,0.1,A,CTCACAGTCACCGTGACAGCTGCGACCCTACTT,1
2,output,Vero,NS5 E34A,0.1,A,CTCACAGTCACCGTGACCGCTGCGACTCTACTT,1
2,output,Vero,NS5 E34A,0.1,B,CTCACAGTCACCGTGACCGCTGCGACCCTACTT,32074
2,output,Vero,NS5 E34A,0.1,B,CTGACCGTGACGGTTACTGCGGCTACCCTGCTT,2145
2,output,Vero,NS5 E34A,0.1,B,CTCACAGTCACCGTGACCGCTGCGACCCTGCTT,5
2,output,Vero,NS5 E34A,0.1,B,CTGACCGTGACGGTTACTGCGGCTACCCTACTT,5
2,output,Vero,NS5 E34A,0.1,B,CTCACAGTCACCGTGACTGCTGCGACCCTACTT,3
2,output,Vero,NS5 E34A,0.1,B,CTCACAGTCACCGTGACCGCTGCGACCCTACTC,3
2,output,Vero,NS5 E34A,0.1,B,CTCACCGTCACCGTGACCGCTGCGACCCTACTT,2
2,output,Vero,NS5 E34A,0.1,B,CTCACAGTTACCGTGACCGCTGCGACCCTACTT,2
2,output,Vero,NS5 E34A,0.1,B,CTGACCGTGACGGTTACCGCGGCTACCCTGCTT,2
2,output,Vero,NS5 E34A,0.1,B,CTCACAGTCACCGTGACCGCTGCGACCCTACTA,2
2,output,Vero,NS5 E34A,0.1,B,CTGACCGTGACCGTTACTGCGGCTACCCTGCTT,1
2,output,Vero,NS5 E34A,0.1,B,CTGACCGTGACAGTTACTGCGGCTACCCTGCTT,1
2,output,Vero,NS5 E34A,0.1,B,CTCACAGTCACCGTGACCGCCGCGACCCTACTT,1
2,output,Vero,NS5 E34A,0.1,B,CTAACCGTCACAGTAACCGCAGCTACCCTGCTG,1
2,output,Vero,NS5 E34A,0.1,B,CTCACAGTAACCGTGACCGCTGCGACCCTACTT,1
2,output,Vero,NS5 E34A,0.1,B,CTCACGGTCACCGTGACCGCTGCGACCCTACTT,1
2,input,Vero,NS5 E34A,,,CTCACAGTCACCGTGACCGCTGCGACCCTACTT,15265
2,input,Vero,NS5 E34A,,,CTGACCGTGACGGTTACTGCGGCTACCCTGCTT,10925
2,input,Vero,NS5 E34A,,,CTGACCGTGACGGTTACTGCGGCTACCCTACTT,28
2,input,Vero,NS5 E34A,,,CTCACCGTCACCGTGACCGCTGCGACCCTACTT,10
2,input,Vero,NS5 E34A,,,CTGACCGTGACGGTTACCGCGGCTACCCTGCTT,8
2,input,Vero,NS5 E34A,,,CTCACAGTCACCGTGACCGCTGCGACCCTGCTT,6
2,input,Vero,NS5 E34A,,,CTCACAGTCACCGTGACTGCTGCGACCCTACTT,4
2,input,Vero,NS5 E34A,,,CTGACCGTGACGGTTACCGCGGCTACCCTACTT,4
2,input,Vero,NS5 E34A,,,CTGACCGTCACCGTGACCGCTGCGACCCTACTT,3
2,input,Vero,NS5 E34A,,,CTGACCGTGACGGTTACTGCTGCTACCCTGCTT,3
2,input,Vero,NS5 E34A,,,CTCACAGTCACGGTGACCGCTGCGACCCTACTT,3
2,input,Vero,NS5 E34A,,,CTCACAGTCACCGTGACCGCGGCTACCCTGCTT,2
2,input,Vero,NS5 E34A,,,CTCACAGTCACCGTGACCGCTGCTACCCTACTT,2
2,input,Vero,NS5 E34A,,,CTCACAGTCACCGTGACCGCTGCGACCCTACTC,2
2,input,Vero,NS5 E34A,,,CTCACAGTCACCGTGACCGCTGCGACCCTTCTT,2
2,input,Vero,NS5 E34A,,,CTGACCGTGACGGTTACTGCGGCAACCCTGCTT,2
2,input,Vero,NS5 E34A,,,CTCACAGTCACCGTGACCGCTGCAACCCTACTT,2
2,input,Vero,NS5 E34A,,,CTCACAGTCACCGTGACCGCCGCGACCCTACTT,2
2,input,Vero,NS5 E34A,,,CTGACAGTTACCGTAACCGCCGCAACCCTTCTT,2
2,input,Vero,NS5 E34A,,,CTGACCGTCACCGTGACTGCTGCTACCCTACTT,2
2,input,Vero,NS5 E34A,,,CTCACAGTCACCGTTACCGCTGCGACCCTACTT,2
2,input,Vero,NS5 E34A,,,CTGACCGTCACCGTTACTGCTGCTACCCTACTT,1
2,input,Vero,NS5 E34A,,,CTGACCGTCACCGTGACCGCTGCTACCCTACTT,1
2,input,Vero,NS5 E34A,,,CTGACAGTGACGGTTACTGCGGCTACCCTGCTT,1
2,input,Vero,NS5 E34A,,,CTCACCGTGACCGTTACTGCTGCTACCCTGCTT,1
2,input,Vero,NS5 E34A,,,CTGACCGTCACGGTTACTGCGGCTACCCTGCTT,1
2,input,Vero,NS5 E34A,,,CTCACCGTGACGGTTACTGCGGCTACCCTGCTT,1
2,input,Vero,NS5 E34A,,,CTGACTGTGACGGTTACTGCGGCTACCCTGCTT,1
2,input,Vero,NS5 E34A,,,CTCACAGTCACCGTTACCGCTGCTACCCTACTT,1
2,input,Vero,NS5 E34A,,,CTCACAGTCACCGTGACCGCTGCTACCCTGCTT,1
2,input,Vero,NS5 E34A,,,CTCACAGTCACCGTGACCGCGGCGACCCTGCTT,1
2,input,Vero,NS5 E34A,,,CTGACAGTTACCGTAACCGCCGCAACCCTTCTA,1
2,input,Vero,NS5 E34A,,,CTCACAGTCACCGTAACCGCTGCGACCCTACTT,1
2,input,Vero,NS5 E34A,,,CTCACCGTCACCGTTACCGCTGCGACCCTACTT,1
2,input,Vero,NS5 E34A,,,CTCACAGTCACCGTGACCGCGGCGACCCTACTT,1
2,input,Vero,NS5 E34A,,,CTGACAGTCACCGTGACCGCTGCGACCCTACTT,1
2,input,Vero,NS5 E34A,,,CTGACCGTCACGGTGACCGCGGCGACCCTACTT,1
2,input,Vero,NS5 E34A,,,CTCACAGTCACCGTGACCGCGGCTACCCTACTT,1
2,input,Vero,NS5 E34A,,,CTGACCGTGACGGTTACCGCTGCTACCCTGCTT,1
2,input,Vero,NS5 E34A,,,CTGACCGTTACGGTTACTGCGGCTACCCTGCTT,1
2,input,Vero,NS5 E34A,,,CTCACAGTCACTGTGACCGCTGCGACCCTACTT,1
2,output,Vero,NS5 E34A,10,A,CTCACAGTCACCGTGACCGCTGCGACCCTACTT,48224
2,output,Vero,NS5 E34A,10,A,CTGACCGTGACGGTTACTGCGGCTACCCTGCTT,8
2,output,Vero,NS5 E34A,10,B,CTCACAGTCACCGTGACCGCTGCGACCCTACTT,48126
2,output,Vero,NS5 E34A,10,B,CTGACCGTGACGGTTACTGCGGCTACCCTGCTT,26
3,output,CT,NS5 F24A,0.1,A,CTCACAGTCACCGTGACCGCTGCGACCCTACTT,7766
3,output,CT,NS5 F24A,0.1,A,CTGACCGTCACTGTAACTGCCGCTACTCTCCTT,280
3,output,CT,NS5 F24A,0.1,A,CTCACAGTCACCGTAACCGCTGCGACCCTACTT,5
3,output,CT,NS5 F24A,0.1,A,CTGACAGTTACCGTAACCGCCGCAACCCTTCTA,3
3,output,CT,NS5 F24A,0.1,A,CTCACAGTCACCGTGACCGCCGCGACCCTACTT,1
3,output,CT,NS5 F24A,0.1,A,CTCACGGTCACCGTGACCGCTGCGACCCTACTT,1
3,output,CT,NS5 F24A,0.1,B,CTCACAGTCACCGTGACCGCTGCGACCCTACTT,11828
3,output,CT,NS5 F24A,0.1,B,CTGACCGTCACTGTAACTGCCGCTACTCTCCTT,284
3,output,CT,NS5 F24A,0.1,B,CTCACAGTTACCGTGACCGCTGCGACCCTACTT,5
3,output,CT,NS5 F24A,0.1,B,CTCACAGTCACCGTGACTGCTGCGACCCTACTT,3
3,output,CT,NS5 F24A,0.1,B,CTCACAGTCACCGTGACCGCTGCGACCCTCCTT,2
3,output,CT,NS5 F24A,0.1,B,CTAACCGTCACAGTAACCGCAGCTACCCTGCTG,1
3,output,CT,NS5 F24A,0.1,B,CTCACCGTCACCGTGACCGCTGCGACCCTACTT,1
3,output,CT,NS5 F24A,0.1,B,CTCACAGTCACCGTGACCGCTGCGACTCTACTT,1
3,output,CT,NS5 F24A,0.1,B,CTCACAGTCACCGTGACCGCTGCGACCCTACTC,1
3,input,CT,NS5 F24A,,,CTGACCGTCACTGTAACTGCCGCTACTCTCCTT,35769
3,input,CT,NS5 F24A,,,CTCACAGTCACCGTGACCGCTGCGACCCTACTT,6017
3,input,CT,NS5 F24A,,,CTGACCGTCACTGTGACTGCCGCTACTCTCCTT,11
3,input,CT,NS5 F24A,,,CTGACCGTCACTGTAACTGCTGCTACTCTCCTT,7
3,input,CT,NS5 F24A,,,CTGACCGTCACCGTAACTGCCGCTACTCTCCTT,7
3,input,CT,NS5 F24A,,,CTGACCGTCACTGTAACTGCCGCTACCCTCCTT,6
3,input,CT,NS5 F24A,,,CTCACAGTCACTGTGACCGCTGCGACCCTACTT,5
3,input,CT,NS5 F24A,,,CTGACCGTCACTGTAACTGCCGCCACTCTCCTT,5
3,input,CT,NS5 F24A,,,CTCACAGTCACCGTGACCGCTGCGACCCTCCTT,4
3,input,CT,NS5 F24A,,,CTCACAGTCACCGTGACCGCCGCGACCCTACTT,3
3,input,CT,NS5 F24A,,,CTGACCGTCACCGTGACCGCTGCGACCCTACTT,3
3,input,CT,NS5 F24A,,,CTGACCGTCACTGTAACTGCCGCGACTCTCCTT,2
3,input,CT,NS5 F24A,,,CTGACCGTCACTGTAACTGCCGCTACTCTACTT,2
3,input,CT,NS5 F24A,,,CTCACCGTCACCGTGACCGCCGCGACCCTACTT,2
3,input,CT,NS5 F24A,,,CTGACCGTCACTGTAACCGCCGCTACTCTCCTT,2
3,input,CT,NS5 F24A,,,CTGACAGTCACTGTAACTGCCGCTACTCTCCTT,2
3,input,CT,NS5 F24A,,,CTGACCGTCACTGTGACCGCTGCGACCCTACTT,1
3,input,CT,NS5 F24A,,,CTGACCGTCACTGTAACTGCCGCTACTCTTCTT,1
3,input,CT,NS5 F24A,,,CTCACGGTCACCGTGACCGCTGCGACCCTACTT,1
3,input,CT,NS5 F24A,,,CTGACCGTCACTGTAACGGCCGCTACTCTCCTT,1
3,input,CT,NS5 F24A,,,CTCACCGTCACTGTAACTGCCGCTACTCTCCTT,1
3,input,CT,NS5 F24A,,,CTCACAGTCACCGTAACCGCTGCGACCCTCCTT,1
3,input,CT,NS5 F24A,,,CTGACAGTCACCGTGACCGCTGCGACCCTACTT,1
3,input,CT,NS5 F24A,,,CTGACCGTCACCGTGACCGCCGCGACTCTACTT,1
3,input,CT,NS5 F24A,,,CTCACAGTCACCGTGACCGCTGCGACCCTGCTT,1
3,input,CT,NS5 F24A,,,CTGACCGTTACTGTAACTGCCGCTACTCTCCTT,1
3,input,CT,NS5 F24A,,,CTGACCGTCACGGTAACTGCCGCTACTCTCCTT,1
3,input,CT,NS5 F24A,,,CTGACAGTCACCGTAACTGCCGCTACTCTCCTT,1
3,input,CT,NS5 F24A,,,CTCACAGTCACCGTGACCGCTGCTACCCTCCTT,1
3,input,CT,NS5 F24A,,,CTAACCGTCACTGTAACTGCCGCTACTCTCCTT,1
3,input,CT,NS5 F24A,,,CTGACCGTCACTGTAACTGCCGCTACTCTGCTT,1
3,input,CT,NS5 F24A,,,CTCACAGTCACCGTGACCGCTGCGACCCTACTG,1
3,input,CT,NS5 F24A,,,CTCACCGTCACCGTGACCGCTGCGACCCTACTT,1
3,input,CT,NS5 F24A,,,CTGACCGTCACTGTAACTGCCGCAACTCTCCTT,1
3,input,CT,NS5 F24A,,,CTGACTGTCACTGTAACTGCCGCTACTCTCCTT,1
3,input,CT,NS5 F24A,,,CTCACAGTCACAGTGACCGCTGCGACCCTACTT,1
3,input,CT,NS5 F24A,,,CTCACAGTTACCGTGACCGCTGCGACCCTACTT,1
3,input,CT,NS5 F24A,,,CTGACCGTCACTGTAACAGCCGCTACTCTCCTT,1
3,output,CT,NS5 F24A,10,A,CTCACAGTCACCGTGACCGCTGCGACCCTACTT,47100
3,output,CT,NS5 F24A,10,A,CTGACCGTCACTGTAACTGCCGCTACTCTCCTT,333
3,output,CT,NS5 F24A,10,A,CTCACAGTCACTGTAACTGCCGCTACTCTCCTT,4
3,output,CT,NS5 F24A,10,A,CTCACAGTCACCGTGACCGCTGCGACCCTCCTT,2
3,output,CT,NS5 F24A,10,A,CTCACAGTCACCGTGACCGCTGCAACCCTACTT,1
3,output,CT,NS5 F24A,10,A,CTCACAGTCACTGTGACCGCTGCGACCCTACTT,1
3,output,CT,NS5 F24A,10,A,CTGACCGTCACTGTAACTGCCGCGACTCTCCTT,1
3,output,CT,NS5 F24A,10,A,CTCACAGTCACCGTGACTGCTGCGACCCTACTT,1
3,output,CT,NS5 F24A,10,A,CTCACAGTCACCGTGACCGCCGCGACCCTACTT,1
3,output,CT,NS5 F24A,10,A,CTGACCGTCACTGTGACTGCCGCTACTCTCCTT,1
3,output,CT,NS5 F24A,10,A,CTCACAGTCACCGTCACCGCTGCGACCCTACTT,1
3,output,CT,NS5 F24A,10,A,CTCACGGTCACCGTGACCGCTGCGACCCTACTT,1
3,output,CT,NS5 F24A,10,A,CTGACCGTCACTGTAACTGCCGCTACCCTCCTT,1
3,output,CT,NS5 F24A,10,B,CTCACAGTCACCGTGACCGCTGCGACCCTACTT,40536
3,output,CT,NS5 F24A,10,B,CTGACCGTCACTGTAACTGCCGCTACTCTCCTT,2014
3,output,CT,NS5 F24A,10,B,CTCACAGTCACTGTGACCGCTGCGACCCTACTT,5
3,output,CT,NS5 F24A,10,B,CTCACAGTCACCGTGACCGCCGCGACCCTACTT,4
3,output,CT,NS5 F24A,10,B,CTCACAGTCACCGTGACCGCTGCGACTCTACTT,3
3,output,CT,NS5 F24A,10,B,CTCACAGTCACCGTGACCGCTGCGACCCTCCTT,3
3,output,CT,NS5 F24A,10,B,CTGACCGTCACCGTAACTGCCGCTACTCTCCTT,2
3,output,CT,NS5 F24A,10,B,CTGACCGTCACTGTAACTGCTGCTACTCTCCTT,2
3,output,CT,NS5 F24A,10,B,CTCACAGTCACCGTGACCGCTGCGACCCTACTC,2
3,output,CT,NS5 F24A,10,B,CTAACAGTCACCGTGACCGCTGCGACCCTACTT,2
3,output,CT,NS5 F24A,10,B,CTCACAGTCACCGTGACTGCTGCGACCCTACTT,1
3,output,CT,NS5 F24A,10,B,CTGACCGTTACTGTAACTGCCGCTACTCTCCTT,1
3,output,CT,NS5 F24A,10,B,CTCACCGTCACTGTGACCGCTGCGACCCTACTT,1
3,output,CT,NS5 F24A,10,B,CTCACAGTCACAGTGACCGCTGCGACCCTACTT,1
3,output,CT,NS5 F24A,10,B,CTCACAGTCACCGTGACAGCGGCAACACTCCTT,1
3,output,CT,NS5 F24A,10,B,CTCACAGTCACCGTGACCGCTGCGACCCTGCTT,1
3,output,CT,NS5 F24A,10,B,CTCACGGTCACCGTGACCGCTGCGACCCTACTT,1
3,output,CT,NS5 F24A,10,B,CTGACCGTCACTGTGACTGCCGCTACTCTCCTT,1
3,output,CT,NS5 F24A,10,B,CTGACAGTCACTGTAACTGCCGCTACTCTCCTT,1
3,output,CT,NS5 F24A,10,B,CTGACCGTCACTGTAACTGCCGCTACCCTCCTT,1
3,output,CT,NS5 F24A,10,B,CTCACAGTTACCGTGACCGCTGCGACCCTACTT,1
3,output,CT,NS5 E34A,0.1,A,CTCACAGTCACCGTGACCGCTGCGACCCTACTT,6491
3,output,CT,NS5 E34A,0.1,A,CTGACCGTGACGGTTACTGCGGCTACCCTGCTT,1156
3,output,CT,NS5 E34A,0.1,A,CTGACCGTGACGGTTACTGCGGCTACCCTGCTG,2
3,output,CT,NS5 E34A,0.1,A,CTCACAGTCACCGTGACCGCTGCGACCCTACTC,2
3,output,CT,NS5 E34A,0.1,A,CTCACAGTCACCGTAACCGCTGCGACCCTACTT,1
3,output,CT,NS5 E34A,0.1,A,CTGACCGTGACGGTTACCGCGGCTACCCTGCTT,1
3,output,CT,NS5 E34A,0.1,A,CTCACAGTCACCGTCACCGCTGCGACCCTACTT,1
3,output,CT,NS5 E34A,0.1,A,CTGACCGTGACGGTTACTGCGGCTACCCTACTT,1
3,output,CT,NS5 E34A,0.1,A,CTCACAGTCACTGTGACCGCTGCGACCCTACTT,1
3,output,CT,NS5 E34A,0.1,A,CTCACAGTCACCGTGACTGCTGCGACCCTACTT,1
3,output,CT,NS5 E34A,0.1,B,CTCACAGTCACCGTGACCGCTGCGACCCTACTT,8190
3,output,CT,NS5 E34A,0.1,B,CTGACCGTGACGGTTACTGCGGCTACCCTGCTT,1083
3,output,CT,NS5 E34A,0.1,B,CTCACGGTCACCGTGACCGCTGCGACCCTACTT,3
3,output,CT,NS5 E34A,0.1,B,CTCACAGTCACCGTGACCGCTGCCACCCTACTT,2
3,output,CT,NS5 E34A,0.1,B,CTCACAGTCACCGTAACCGCTGCGACCCTACTT,2
3,output,CT,NS5 E34A,0.1,B,CTCACAGTCACCGTGACCGCTGCAACCCTACTT,2
3,output,CT,NS5 E34A,0.1,B,CTCACCGTCACCGTGACCGCTGCGACCCTACTT,2
3,output,CT,NS5 E34A,0.1,B,CTCACAGTCACCGTAACGGCGGCAACCCTCCTT,1
3,output,CT,NS5 E34A,0.1,B,CTGACCGTGACGGTTACCGCGGCTACCCTGCTT,1
3,output,CT,NS5 E34A,0.1,B,CTGACCGTGACGGTTACTGCGGCTACCCTACTT,1
3,output,CT,NS5 E34A,0.1,B,CTCACAGTCACCGTGACAGCTGCGACCCTACTT,1
3,input,CT,NS5 E34A,,,CTCACAGTCACCGTGACCGCTGCGACCCTACTT,22232
3,input,CT,NS5 E34A,,,CTGACCGTGACGGTTACTGCGGCTACCCTGCTT,10137
3,input,CT,NS5 E34A,,,CTGACCGTGACGGTTACTGCGGCTACCCTACTT,30
3,input,CT,NS5 E34A,,,CTCACAGTCACCGTGACCGCTGCGACCCTGCTT,16
3,input,CT,NS5 E34A,,,CTCACCGTCACCGTGACCGCTGCGACCCTACTT,9
3,input,CT,NS5 E34A,,,CTGACCGTGACGGTTACCGCGGCTACCCTGCTT,7
3,input,CT,NS5 E34A,,,CTGACAGTGACGGTTACTGCGGCTACCCTGCTT,3
3,input,CT,NS5 E34A,,,CTGACCGTGACGGTTACTGCTGCTACCCTGCTT,2
3,input,CT,NS5 E34A,,,CTCACAGTCACTGTGACCGCTGCGACCCTACTT,2
3,input,CT,NS5 E34A,,,CTTACCGTTACCGTTACCGCCGCCACCCTTCTT,2
3,input,CT,NS5 E34A,,,CTCACAGTCACGGTGACCGCTGCGACCCTACTT,2
3,input,CT,NS5 E34A,,,CTCACAGTCACCGTGACCGCTGCTACCCTACTT,2
3,input,CT,NS5 E34A,,,CTCACAGTCACCGTGACTGCTGCGACCCTACTT,2
3,input,CT,NS5 E34A,,,CTGACCGTGACGGTTACTGCTGCTACCCTACTT,2
3,input,CT,NS5 E34A,,,CTGACCGTGACGGTTACTGCGGCGACCCTGCTT,1
3,input,CT,NS5 E34A,,,CTGACCGTTACGGTTACTGCGGCTACCCTGCTT,1
3,input,CT,NS5 E34A,,,CTGACCGTCACGGTGACCGCTGCTACCCTACTT,1
3,input,CT,NS5 E34A,,,CTCACGGTCACCGTGACCGCTGCGACCCTACTT,1
3,input,CT,NS5 E34A,,,CTCACCGTCACCGTGACTGCTGCGACCCTACTT,1
3,input,CT,NS5 E34A,,,CTCACAGTCACCGTGACCGCTGCAACCCTACTT,1
3,input,CT,NS5 E34A,,,CTGACCGTGACCGTTACTGCGGCTACCCTGCTT,1
3,input,CT,NS5 E34A,,,CTCACAGTCACCGTGACCGCCGCGACCCTACTT,1
3,input,CT,NS5 E34A,,,CTCACAGTCACCGTGACCGCGGCTACCCTGCTT,1
3,input,CT,NS5 E34A,,,CTCACAGTCACCGTTACCGCTGCGACCCTACTT,1
3,input,CT,NS5 E34A,,,CTGACCGTGACGGTGACTGCGGCTACCCTGCTT,1
3,input,CT,NS5 E34A,,,CTGACCGTGACGGTTACTGCGGCGACCCTACTT,1
3,input,CT,NS5 E34A,,,CTGACCGTGACGGTTACAGCGGCTACCCTGCTT,1
3,input,CT,NS5 E34A,,,CTCACAGTCACCGTGACCGCTGCGACCCTACTC,1
3,input,CT,NS5 E34A,,,CTGACCGTGACGGTTACCGCTGCTACCCTGCTT,1
3,input,CT,NS5 E34A,,,CTGACCGTGACGGTTACTGCGGCCACCCTGCTT,1
3,input,CT,NS5 E34A,,,CTCACAGTCACCGTGACCGCTGCGACTCTACTT,1
3,input,CT,NS5 E34A,,,CTGACCGTGACGGTTACCGCGGCTACCCTACTT,1
3,output,CT,NS5 E34A,10,A,CTCACAGTCACCGTGACCGCTGCGACCCTACTT,41812
3,output,CT,NS5 E34A,10,A,CTGACCGTGACGGTTACTGCGGCTACCCTGCTT,2250
3,output,CT,NS5 E34A,10,A,CTGACCGTGACGGTTACTGCGGCTACCCTACTT,8
3,output,CT,NS5 E34A,10,A,CTCACAGTCACCGTGACCGCTGCGACCCTGCTT,5
3,output,CT,NS5 E34A,10,A,CTCACAGTCACGGTGACCGCGGCGACCCTACTT,3
3,output,CT,NS5 E34A,10,A,CTGACCGTGACGGTTACCGCGGCTACCCTGCTT,2
3,output,CT,NS5 E34A,10,A,CTCACAGTTACCGTGACCGCTGCGACCCTACTT,2
3,output,CT,NS5 E34A,10,A,CTCACAGTCACCGTGACCGCTGCGACCCTACTC,1
3,output,CT,NS5 E34A,10,A,CTCACGGTCACCGTGACCGCTGCGACCCTACTT,1
3,output,CT,NS5 E34A,10,A,CTGACCGTGACGGTTACTGCTGCTACCCTGCTT,1
3,output,CT,NS5 E34A,10,A,CTCACAGTCACCGTGACTGCTGCGACCCTACTT,1
3,output,CT,NS5 E34A,10,A,CTCACAGTCACCGTGACCGCTGCTACCCTACTT,1
3,output,CT,NS5 E34A,10,A,CTAACGGTAACGGTAACGGCGGCAACCCTCCTT,1
3,output,CT,NS5 E34A,10,A,CTCACCGTCACCGTGACCGCTGCGACCCTACTT,1
3,output,CT,NS5 E34A,10,A,CTCACCGTGACGGTTACTGCGGCTACCCTGCTT,1
3,output,CT,NS5 E34A,10,A,CTCACAGTCACCGTGACCGCTGCGACCCTACTG,1
3,output,CT,NS5 E34A,10,A,CTGACCGTGACAGTTACTGCGGCTACCCTACTT,1
3,output,CT,NS5 E34A,10,A,CTTACCGTGACGGTTACTGCGGCTACCCTGCTT,1
3,output,CT,NS5 E34A,10,A,CTAACTGTTACGGTAACAGCTGCGACGCTTCTC,1
3,output,CT,NS5 E34A,10,A,CTCACAGTGACGGTTACTGCGGCTACCCTGCTT,1
3,output,CT,NS5 E34A,10,A,CTCACAGTCACCGTTACCGCTGCGACCCTACTT,1
3,output,CT,NS5 E34A,10,A,CTGACTGTGACGGTTACTGCGGCTACCCTGCTT,1
3,output,CT,NS5 E34A,10,A,CTCACTGTCACCGTGACCGCTGCGACCCTACTT,1
3,output,CT,NS5 E34A,10,A,CTAACCGTGACGGTTACTGCGGCTACCCTGCTT,1
3,output,CT,NS5 E34A,10,A,CTGACCGTAACGGTTACTGCGGCTACCCTGCTT,1
3,output,CT,NS5 E34A,10,A,CTCACAGTCACCGTGACCGCGGCGACCCTGCTT,1
3,output,CT,NS5 E34A,10,A,CTGACCGTGACTGTTACTGCGGCTACCCTGCTT,1
3,output,CT,NS5 E34A,10,B,CTCACAGTCACCGTGACCGCTGCGACCCTACTT,42221
3,output,CT,NS5 E34A,10,B,CTGACCGTGACGGTTACTGCGGCTACCCTGCTT,2304
3,output,CT,NS5 E34A,10,B,CTGACCGTGACGGTTACTGCGGCTACCCTACTT,5
3,output,CT,NS5 E34A,10,B,CTCACAGTCACCGTGACCGCTGCGACCCTGCTT,5
3,output,CT,NS5 E34A,10,B,CTTACAGTCACCGTGACCGCTGCGACCCTACTT,4
3,output,CT,NS5 E34A,10,B,CTCACAGTCACGGTGACCGCTGCGACCCTACTT,3
3,output,CT,NS5 E34A,10,B,CTGACCGTGACGGTTACCGCGGCTACCCTGCTT,2
3,output,CT,NS5 E34A,10,B,CTCACAGTCACCGTGACTGCTGCGACCCTACTT,2
3,output,CT,NS5 E34A,10,B,CTGACAGTGACGGTTACTGCGGCTACCCTGCTT,2
3,output,CT,NS5 E34A,10,B,CTCACAGTCACCGTGACCGCTGCGACCCTACTC,2
3,output,CT,NS5 E34A,10,B,CTGACCGTCACGGTGACCGCTGCGACCCTACTT,1
3,output,CT,NS5 E34A,10,B,CTAACGGTAACGGTAACGGCGGCAACCCTCCTT,1
3,output,CT,NS5 E34A,10,B,CTCACAGTCACCGTAACCGCTGCGACCCTACTT,1
3,output,CT,NS5 E34A,10,B,CTCACAGTCACTGTGACCGCTGCGACCCTACTT,1
3,output,CT,NS5 E34A,10,B,CTCACAGTCACCGTTACCGCTGCGACCCTACTT,1
3,output,CT,NS5 E34A,10,B,CTGACCGTGACGGTTACTGCGGCCACCCTGCTT,1
3,output,CT,NS5 E34A,10,B,CTCACCGTCACCGTGACCGCTGCGACCCTACTT,1
3,output,CT,NS5 E34A,10,B,CTCACAGTCACCGTGACCGCGGCGACCCTACTT,1
3,output,CT,NS5 E34A,10,B,CTCACCGTCACGGTTACCGCGGCTACCCTGCTT,1
3,input,Vero,NS3 S412A,,,CTGACCGTAACGGTCACCGCGGCAACTCTACTG,2173
3,input,Vero,NS3 S412A,,,CTCACAGTCACCGTGACCGCTGCGACCCTACTT,1761
3,input,Vero,NS3 S412A,,,CTCACAGTCACTGTGACCGCTGCGACCCTACTT,1
3,input,Vero,NS3 S412A,,,CTGACCGTAACGGTCACCGCGGCAACTCTTCTG,1
3,input,Vero,NS3 S412A,,,CTGACCGTAACGGTCACCGCGGCAACTCTACTT,1
3,input,Vero,NS3 S412A,,,CTGACCGTAACGGTCACCGCGGCAACCCTACTG,1
3,output,Vero,NS3 S412A,0.1,A,CTCACAGTCACCGTGACCGCTGCGACCCTACTT,42843
3,output,Vero,NS3 S412A,0.1,A,CTGACCGTAACGGTCACCGCGGCAACTCTACTG,920
3,output,Vero,NS3 S412A,0.1,A,CTGACCGTAACGGTCACCGCGGCAACTCTACTT,5
3,output,Vero,NS3 S412A,0.1,A,CTCACAGTCACTGTGACCGCTGCGACCCTACTT,2
3,output,Vero,NS3 S412A,0.1,A,CTGACCGTAACGGTCACCGCGGCAACCCTACTT,2
3,output,Vero,NS3 S412A,0.1,A,CTGACCGTCACGGTCACCGCGGCAACTCTACTG,2
3,output,Vero,NS3 S412A,0.1,A,CTCACCGTCACCGTGACCGCTGCGACCCTACTT,1
3,output,Vero,NS3 S412A,0.1,A,CTCACAGTCACCGTGACCGCTGCAACCCTACTT,1
3,output,Vero,NS3 S412A,0.1,A,CTGACCGTAACGGTCACCGCGGCAACCCTACTG,1
3,output,Vero,NS3 S412A,0.1,A,CTCACAGTCACCGTGACCGCCGCGACCCTACTT,1
3,output,Vero,NS3 S412A,0.1,A,CTCACAGTCACCGTGACCGCTGCAACTCTACTG,1
3,output,Vero,NS3 S412A,0.1,A,CTCACAGTCACCGTGACCGCGGCGACCCTACTT,1
3,output,Vero,NS3 S412A,0.1,A,CTGACCGTAACCGTCACCGCGGCAACTCTACTG,1
3,output,Vero,NS3 S412A,0.1,A,CTGACAGTAACGGTCACCGCGGCAACTCTACTG,1
3,output,Vero,NS3 S412A,0.1,A,CTCACAGTCACCGTGACCGCTGCGACTCTACTT,1
3,output,Vero,NS3 S412A,0.1,A,CTCACAGTCACGGTGACCGCTGCGACCCTACTT,1
3,output,Vero,NS3 S412A,0.1,B,CTCACAGTCACCGTGACCGCTGCGACCCTACTT,42327
3,output,Vero,NS3 S412A,0.1,B,CTGACCGTAACGGTCACCGCGGCAACTCTACTG,1184
3,output,Vero,NS3 S412A,0.1,B,CTGACCGTCACGGTCACCGCGGCAACTCTACTG,3
3,output,Vero,NS3 S412A,0.1,B,CTCACAGTCACCGTGACCGCTGCGACCCTACTC,2
3,output,Vero,NS3 S412A,0.1,B,CTCACAGTCACCGTGACCGCTGCGACTCTACTT,2
3,output,Vero,NS3 S412A,0.1,B,CTCACAGTCACCGTGACCGCTGCAACTCTACTG,1
3,output,Vero,NS3 S412A,0.1,B,CTGACCGTAACGGTCACCGCGGCAACTCTACTT,1
3,output,Vero,NS3 S412A,0.1,B,CTCACAGTCACTGTGACCGCTGCGACCCTACTT,1
3,output,Vero,NS3 S412A,0.1,B,CTCACAGTCACCGTGACCGCTGCAACCCTACTT,1
3,output,Vero,NS3 S412A,0.1,B,CTCACAGTCACCGTGACCGCTGCGACCCTACTG,1
3,output,Vero,NS3 S412A,0.1,B,CTCACAGTCACCGTCACCGCTGCGACCCTACTT,1
3,output,Vero,NS3 S412A,0.1,B,CTCACCGTCACCGTGACCGCTGCGACCCTACTT,1
3,output,Vero,NS3 S412A,10,A,CTCACAGTCACCGTGACCGCTGCGACCCTACTT,49193
3,output,Vero,NS3 S412A,10,A,CTGACCGTAACGGTCACCGCGGCAACTCTACTG,142
3,output,Vero,NS3 S412A,10,A,CTGACCGTCACGGTCACCGCGGCAACTCTACTG,3
3,output,Vero,NS3 S412A,10,A,CTCACCGTCACCGTGACCGCTGCGACCCTACTT,3
3,output,Vero,NS3 S412A,10,A,CTCACAGTCACCGTGACCGCTGCGACTCTACTT,2
3,output,Vero,NS3 S412A,10,A,CTGACCGTAACGGTCACCGCGGCAACTCTACTT,1
3,output,Vero,NS3 S412A,10,A,CTCACAGTCACCGTGACCGCTGCGACCCTACTG,1
3,output,Vero,NS3 S412A,10,B,CTCACAGTCACCGTGACCGCTGCGACCCTACTT,45487
3,output,Vero,NS3 S412A,10,B,CTGACCGTAACGGTCACCGCGGCAACTCTACTG,133
3,output,Vero,NS3 S412A,10,B,CTCACAGTCACCGTGACCGCTGCAACCCTACTT,2
3,output,Vero,NS3 S412A,10,B,CTCACCGTCACCGTGACCGCTGCGACCCTACTT,2
3,output,Vero,NS3 S412A,10,B,CTGACCGTAACGGTCACCGCGGCAACTCTACTT,2
3,output,Vero,NS3 S412A,10,B,CTGACCGTCACGGTCACCGCGGCAACTCTACTG,1
3,output,Vero,NS5 F24A,0.1,A,CTCACAGTCACCGTGACCGCTGCGACCCTACTT,41252
3,output,Vero,NS5 F24A,0.1,A,CTGACCGTCACTGTAACTGCCGCTACTCTCCTT,6
3,output,Vero,NS5 F24A,0.1,A,CTCACAGTCACCGTGACCGCTGCGACCCTACTC,2
3,output,Vero,NS5 F24A,0.1,A,CTCACAGTCACCGTGACTGCTGCGACCCTACTT,1
3,output,Vero,NS5 F24A,0.1,A,CTCACAGTCACCGTGACCGCCGCGACCCTACTT,1
3,output,Vero,NS5 F24A,0.1,B,CTCACAGTCACCGTGACCGCTGCGACCCTACTT,39107
3,output,Vero,NS5 F24A,0.1,B,CTGACCGTCACTGTAACTGCCGCTACTCTCCTT,6
3,output,Vero,NS5 F24A,0.1,B,CTCACAGTCACCGTGACCGCTGCGACCCTGCTT,2
3,output,Vero,NS5 F24A,0.1,B,CTCACAGTCACCGTGACCGCTGCGACTCTACTT,2
3,output,Vero,NS5 F24A,0.1,B,CTCACAGTCACCGTGACCGCCGCGACCCTACTT,1
3,output,Vero,NS5 F24A,0.1,B,CTCACAGTCACCGTGACCGCTGCGACCCTACTC,1
3,output,Vero,NS5 F24A,0.1,B,CTCACGGTCACCGTGACCGCTGCGACCCTACTT,1
3,output,Vero,NS5 F24A,0.1,B,CTTACAGTCACCGTGACCGCTGCGACCCTACTT,1
3,output,Vero,NS5 F24A,0.1,B,CTCACAGTCACTGTGACCGCTGCGACCCTACTT,1
3,input,Vero,NS5 F24A,,,CTGACCGTCACTGTAACTGCCGCTACTCTCCTT,6617
3,input,Vero,NS5 F24A,,,CTCACAGTCACCGTGACCGCTGCGACCCTACTT,1720
3,input,Vero,NS5 F24A,,,CTGACCGTGACGGTTACTGCGGCTACCCTGCTT,5
3,input,Vero,NS5 F24A,,,CTGACCGTCACTGTGACTGCCGCTACTCTCCTT,4
3,input,Vero,NS5 F24A,,,CTGACCGTCACTGTAACTGCCGCTACCCTCCTT,3
3,input,Vero,NS5 F24A,,,CTGACCGTCACTGTAACTGCCGCCACTCTCCTT,2
3,input,Vero,NS5 F24A,,,CTGACCGTCACTGTAACTGCCGCTACTCTTCTT,1
3,input,Vero,NS5 F24A,,,CTCACAGTCACCGTGACCGCGGCGACCCTACTT,1
3,input,Vero,NS5 F24A,,,CTGACCGTCACTGTAACTGCCGCTACTCTCCTC,1
3,input,Vero,NS5 F24A,,,CTCACAGTCACCGTGACCGCTGCAACCCTACTT,1
3,input,Vero,NS5 F24A,,,CTGACCGTCACTGTAACAGCCGCTACTCTCCTT,1
3,input,Vero,NS5 F24A,,,CTCACGGTCACCGTGACCGCTGCGACCCTACTT,1
3,input,Vero,NS5 F24A,,,CTGACCGTCACTGTAACTGCCGCTACTCTCCTA,1
3,input,Vero,NS5 F24A,,,CTGACCGTTACTGTAACTGCCGCTACTCTCCTT,1
3,output,Vero,NS5 F24A,10,A,CTCACAGTCACCGTGACCGCTGCGACCCTACTT,47463
3,output,Vero,NS5 F24A,10,B,CTCACAGTCACCGTGACCGCTGCGACCCTACTT,46643
3,output,Vero,NS5 E34A,0.1,A,CTCACAGTCACCGTGACCGCTGCGACCCTACTT,36927
3,output,Vero,NS5 E34A,0.1,A,CTGACCGTGACGGTTACTGCGGCTACCCTGCTT,1802
3,output,Vero,NS5 E34A,0.1,A,CTGACCGTGACGGTTACTGCGGCTACCCTACTT,5
3,output,Vero,NS5 E34A,0.1,A,CTCACAGTCACGGTGACCGCTGCGACCCTACTT,2
3,output,Vero,NS5 E34A,0.1,A,CTCACAGTCACCGTGACCGCCGCGACCCTACTT,2
3,output,Vero,NS5 E34A,0.1,A,CTCACAGTCACTGTGACCGCTGCGACCCTACTT,2
3,output,Vero,NS5 E34A,0.1,A,CTCACAGTCACCGTGACCGCTGCGACCCTACTC,2
3,output,Vero,NS5 E34A,0.1,A,CTCACAGTCACCGTGACTGCTGCGACCCTACTT,2
3,output,Vero,NS5 E34A,0.1,A,CTCACCGTGACGGTTACTGCGGCTACCCTGCTT,1
3,output,Vero,NS5 E34A,0.1,A,CTCACAGTCACCGTGACCGCTGCTACCCTACTT,1
3,output,Vero,NS5 E34A,0.1,A,CTCACAGTCACCGTGACCGCTGCGACCCTGCTT,1
3,output,Vero,NS5 E34A,0.1,A,CTCACAGTCACCGTGACCGCTGCAACCCTACTT,1
3,output,Vero,NS5 E34A,0.1,A,CTGACCGTGACGGTTACCGCGGCTACCCTGCTT,1
3,output,Vero,NS5 E34A,0.1,A,CTGACCGTGACGGTCACTGCGGCTACCCTGCTT,1
3,output,Vero,NS5 E34A,0.1,B,CTCACAGTCACCGTGACCGCTGCGACCCTACTT,35542
3,output,Vero,NS5 E34A,0.1,B,CTGACCGTGACGGTTACTGCGGCTACCCTGCTT,1902
3,output,Vero,NS5 E34A,0.1,B,CTTACAGTCACCGTGACCGCTGCGACCCTACTT,5
3,output,Vero,NS5 E34A,0.1,B,CTGACCGTGACGGTTACTGCGGCTACCCTACTT,4
3,output,Vero,NS5 E34A,0.1,B,CTGACCGTGACGGTTACTGCTGCTACCCTGCTT,3
3,output,Vero,NS5 E34A,0.1,B,CTAACTGTTACGGTAACAGCTGCGACGCTTCTC,2
3,output,Vero,NS5 E34A,0.1,B,CTCACAGTCACCGTGACTGCTGCGACCCTACTT,2
3,output,Vero,NS5 E34A,0.1,B,CTGACCGTGACGGTCACTGCGGCTACCCTGCTT,1
3,output,Vero,NS5 E34A,0.1,B,CTCACAGTCACGGTGACCGCGGCGACCCTACTT,1
3,output,Vero,NS5 E34A,0.1,B,CTGACCGTGACGGTTACCGCGGCTACCCTGCTT,1
3,output,Vero,NS5 E34A,0.1,B,CTGACCGTGACCGTTACTGCGGCTACCCTGCTT,1
3,output,Vero,NS5 E34A,0.1,B,CTCACAGTCACGGTGACCGCTGCGACCCTACTT,1
3,output,Vero,NS5 E34A,0.1,B,CTCACAGTCACCGTGACCGCGGCTACCCTGCTT,1
3,output,Vero,NS5 E34A,0.1,B,CTCACAGTCACCGTGACCGCTGCCACCCTACTT,1
3,output,Vero,NS5 E34A,0.1,B,CTGACCGTGACGGTAACTGCGGCTACCCTGCTT,1
3,output,Vero,NS5 E34A,0.1,B,CTCACCGTCACCGTGACCGCTGCGACCCTACTT,1
3,output,Vero,NS5 E34A,0.1,B,CTCACAGTCACTGTGACCGCTGCGACCCTACTT,1
3,output,Vero,NS5 E34A,0.1,B,CTCACGGTCACCGTGACCGCTGCGACCCTACTT,1
3,output,Vero,NS5 E34A,0.1,B,CTCACAGTCACCGTGACCGCTGCGACCCTGCTT,1
3,input,Vero,NS5 E34A,,,CTCACAGTCACCGTGACCGCTGCGACCCTACTT,17176
3,input,Vero,NS5 E34A,,,CTGACCGTGACGGTTACTGCGGCTACCCTGCTT,13814
3,input,Vero,NS5 E34A,,,CTGACCGTGACGGTTACTGCGGCTACCCTACTT,31
3,input,Vero,NS5 E34A,,,CTGACCGTGACGGTTACCGCGGCTACCCTGCTT,11
3,input,Vero,NS5 E34A,,,CTCACAGTCACCGTGACCGCTGCGACCCTGCTT,8
3,input,Vero,NS5 E34A,,,CTCACAGTCACCGTGACTGCTGCGACCCTACTT,7
3,input,Vero,NS5 E34A,,,CTCACCGTCACCGTGACCGCTGCGACCCTACTT,7
3,input,Vero,NS5 E34A,,,CTGACCGTGACGGTTACTGCTGCTACCCTGCTT,6
3,input,Vero,NS5 E34A,,,CTGACCGTGACGGTTACCGCGGCTACCCTACTT,6
3,input,Vero,NS5 E34A,,,CTCACAGTCACCGTGACCGCTGCTACCCTACTT,5
3,input,Vero,NS5 E34A,,,CTGACCGTCACGGTGACCGCGGCGACCCTACTT,5
3,input,Vero,NS5 E34A,,,CTGACCGTGACGGTTACTGCGGCGACCCTACTT,4
3,input,Vero,NS5 E34A,,,CTGACCGTCACGGTTACTGCGGCTACCCTGCTT,4
3,input,Vero,NS5 E34A,,,CTGACCGTCACCGTGACTGCTGCTACCCTACTT,3
3,input,Vero,NS5 E34A,,,CTCACAGTCACCGTTACCGCTGCGACCCTACTT,3
3,input,Vero,NS5 E34A,,,CTGACCGTGACAGTTACTGCGGCTACCCTGCTT,3
3,input,Vero,NS5 E34A,,,CTGACAGTCACCGTGACCGCTGCGACCCTACTT,2
3,input,Vero,NS5 E34A,,,CTCACAGTCACCGTGACCGCGGCGACCCTACTT,2
3,input,Vero,NS5 E34A,,,CTGACAGTGACGGTTACTGCGGCTACCCTGCTT,2
3,input,Vero,NS5 E34A,,,CTCACCGTGACGGTTACTGCGGCTACCCTGCTT,2
3,input,Vero,NS5 E34A,,,CTAACGGTAACGGTAACGGCGGCAACCCTCCTT,2
3,input,Vero,NS5 E34A,,,CTCACAGTCACGGTGACCGCGGCGACCCTACTT,2
3,input,Vero,NS5 E34A,,,CTGACAGTGACGGTTACCGCTGCTACCCTACTT,1
3,input,Vero,NS5 E34A,,,CTGACAGTGACCGTTACCGCGGCTACCCTGCTT,1
3,input,Vero,NS5 E34A,,,CTGACCGTGACGGTTACTGCTGCTACCCTACTT,1
3,input,Vero,NS5 E34A,,,CTGACCGTCACCGTGACCGCTGCTACCCTACTT,1
3,input,Vero,NS5 E34A,,,CTGACCGTCACGGTTACTGCGGCTACCCTACTT,1
3,input,Vero,NS5 E34A,,,CTGACCGTGACCGTTACCGCTGCGACCCTACTT,1
3,input,Vero,NS5 E34A,,,CTCACAGTCACCGTAACCGCTGCGACCCTACTT,1
3,input,Vero,NS5 E34A,,,CTCACAGTCACGGTGACCGCTGCGACCCTACTT,1
3,input,Vero,NS5 E34A,,,CTCACAGTCACCGTGACCGCTGCAACCCTCCTT,1
3,input,Vero,NS5 E34A,,,CTCACCGTCACCGTGACCGCTGCTACCCTACTT,1
3,input,Vero,NS5 E34A,,,CTCACAGTCACCGTGACCGCTGCCACCCTACTT,1
3,input,Vero,NS5 E34A,,,CTCACAGTCACCGTGACCGCTGCGACCCTACTC,1
3,input,Vero,NS5 E34A,,,CTCACAGTCACCGTGACCGCCGCGACCCTACTT,1
3,input,Vero,NS5 E34A,,,CTCACAGTCACCGTGACCGCTGCTACCCTGCTT,1
3,input,Vero,NS5 E34A,,,CTGACCGTGACGGTTACTGCGGCTACCCTGCTC,1
3,input,Vero,NS5 E34A,,,CTCACCGTCACCGTTACCGCTGCGACCCTACTT,1
3,output,Vero,NS5 E34A,10,A,CTCACAGTCACCGTGACCGCTGCGACCCTACTT,47852
3,output,Vero,NS5 E34A,10,A,CTGACCGTGACGGTTACTGCGGCTACCCTGCTT,11
3,output,Vero,NS5 E34A,10,A,CTGACCGTGACGGTTACTGCGGCTACCCTACTT,1
3,output,Vero,NS5 E34A,10,B,CTCACAGTCACCGTGACCGCTGCGACCCTACTT,48805
3,output,Vero,NS5 E34A,10,B,CTGACCGTGACGGTTACTGCGGCTACCCTGCTT,55
3,output,Vero,NS5 E34A,10,B,CTCACCGTCACCGTGACCGCTGCGACCCTACTT,1
3,output,Vero,NS5 E34A,10,B,CTGACCGTGACGGTTACTGCGGCTACCCTACTT,1
